CREATE DATABASE  IF NOT EXISTS `dbfactoring` /*!40100 DEFAULT CHARACTER SET utf8mb4 COLLATE utf8mb4_0900_ai_ci */ /*!80016 DEFAULT ENCRYPTION='N' */;
USE `dbfactoring`;
-- MySQL dump 10.13  Distrib 8.0.33, for Win64 (x86_64)
--
-- Host: 62.72.8.100    Database: dbfactoring
-- ------------------------------------------------------
-- Server version	8.0.34-0ubuntu0.22.04.1

/*!40101 SET @OLD_CHARACTER_SET_CLIENT=@@CHARACTER_SET_CLIENT */;
/*!40101 SET @OLD_CHARACTER_SET_RESULTS=@@CHARACTER_SET_RESULTS */;
/*!40101 SET @OLD_COLLATION_CONNECTION=@@COLLATION_CONNECTION */;
/*!50503 SET NAMES utf8 */;
/*!40103 SET @OLD_TIME_ZONE=@@TIME_ZONE */;
/*!40103 SET TIME_ZONE='+00:00' */;
/*!40014 SET @OLD_UNIQUE_CHECKS=@@UNIQUE_CHECKS, UNIQUE_CHECKS=0 */;
/*!40014 SET @OLD_FOREIGN_KEY_CHECKS=@@FOREIGN_KEY_CHECKS, FOREIGN_KEY_CHECKS=0 */;
/*!40101 SET @OLD_SQL_MODE=@@SQL_MODE, SQL_MODE='NO_AUTO_VALUE_ON_ZERO' */;
/*!40111 SET @OLD_SQL_NOTES=@@SQL_NOTES, SQL_NOTES=0 */;

--
-- Table structure for table `bancos`
--

DROP TABLE IF EXISTS `bancos`;
/*!40101 SET @saved_cs_client     = @@character_set_client */;
/*!50503 SET character_set_client = utf8mb4 */;
CREATE TABLE `bancos` (
  `idbanco` int NOT NULL AUTO_INCREMENT,
  `banco` varchar(45) DEFAULT NULL,
  `numero` int DEFAULT NULL,
  PRIMARY KEY (`idbanco`),
  UNIQUE KEY `idbancos_UNIQUE` (`idbanco`)
) ENGINE=InnoDB DEFAULT CHARSET=utf8mb4 COLLATE=utf8mb4_0900_ai_ci;
/*!40101 SET character_set_client = @saved_cs_client */;

--
-- Dumping data for table `bancos`
--

LOCK TABLES `bancos` WRITE;
/*!40000 ALTER TABLE `bancos` DISABLE KEYS */;
/*!40000 ALTER TABLE `bancos` ENABLE KEYS */;
UNLOCK TABLES;

--
-- Table structure for table `borderos`
--

DROP TABLE IF EXISTS `borderos`;
/*!40101 SET @saved_cs_client     = @@character_set_client */;
/*!50503 SET character_set_client = utf8mb4 */;
CREATE TABLE `borderos` (
  `idbordero` int NOT NULL AUTO_INCREMENT,
  `data` varchar(45) DEFAULT NULL,
  `idcliente` int DEFAULT NULL,
  `data_base` varchar(45) DEFAULT NULL,
  `juros` decimal(10,3) DEFAULT NULL,
  `juros_diario` decimal(10,3) DEFAULT NULL,
  `idfactoring` int DEFAULT NULL,
  `cancelado` varchar(3) DEFAULT NULL,
  PRIMARY KEY (`idbordero`),
  KEY `fk_borderos_factoring1_idx` (`idfactoring`),
  KEY `fk_borderos_clientes1_idx` (`idcliente`),
  CONSTRAINT `fk_borderos_clientes1` FOREIGN KEY (`idcliente`) REFERENCES `clientes` (`idcliente`),
  CONSTRAINT `fk_borderos_factoring1` FOREIGN KEY (`idfactoring`) REFERENCES `factoring` (`idfactoring`)
) ENGINE=InnoDB AUTO_INCREMENT=136 DEFAULT CHARSET=utf8mb4 COLLATE=utf8mb4_0900_ai_ci;
/*!40101 SET character_set_client = @saved_cs_client */;

--
-- Dumping data for table `borderos`
--

LOCK TABLES `borderos` WRITE;
/*!40000 ALTER TABLE `borderos` DISABLE KEYS */;
INSERT INTO `borderos` VALUES (1,'2023-09-16',3,'2023-09-16',0.000,0.000,1,NULL),(2,'2023-09-16',8,'2023-09-16',6.000,0.200,1,NULL),(3,'2023-09-16',9,'2023-09-16',7.500,0.250,1,NULL),(4,'2023-09-16',10,'2023-09-16',10.000,0.333,1,NULL),(5,'2023-09-16',12,'2023-09-16',7.500,0.250,1,NULL),(6,'2023-09-16',13,'2023-09-16',10.000,0.333,1,NULL),(7,'2023-09-16',14,'2023-09-16',7.500,0.250,1,NULL),(8,'2023-09-16',15,'2023-09-16',7.500,0.250,1,NULL),(9,'2023-09-16',11,'2023-09-16',0.000,0.000,1,NULL),(10,'2023-09-16',5,'2023-09-16',0.000,0.000,1,NULL),(11,'2023-09-16',5,'2023-09-16',0.000,0.000,1,NULL),(12,'2023-09-18',3,'2023-09-18',0.000,0.000,1,NULL),(13,'2023-09-18',6,'2023-09-18',3.000,0.100,1,NULL),(14,'2023-09-18',16,'2023-09-18',7.500,0.250,1,NULL),(15,'2023-09-18',17,'2023-09-18',7.500,0.250,1,NULL),(16,'2023-09-18',5,'2023-09-18',0.000,0.000,1,NULL),(17,'2023-09-18',18,'2023-09-18',6.000,0.200,1,NULL),(18,'2023-09-18',19,'2023-09-18',7.500,0.250,1,NULL),(19,'2023-09-18',5,'2023-09-18',0.000,0.000,1,NULL),(20,'2023-09-18',20,'2023-09-18',7.500,0.250,1,NULL),(21,'2023-09-18',19,'2023-09-18',7.500,0.250,1,NULL),(22,'2023-09-18',21,'2023-09-18',7.500,0.250,1,NULL),(23,'2023-09-19',11,'2023-09-19',0.000,0.000,1,NULL),(24,'2023-09-19',22,'2023-09-19',7.000,0.233,1,NULL),(25,'2023-09-19',20,'2023-09-19',7.500,0.250,1,NULL),(26,'2023-09-19',9,'2023-09-19',7.500,0.250,1,NULL),(27,'2023-09-19',23,'2023-09-19',10.000,0.333,1,NULL),(28,'2023-09-19',25,'2023-09-19',7.500,0.250,1,NULL),(29,'2023-09-19',19,'2023-09-19',7.500,0.250,1,NULL),(30,'2023-09-19',2,'2023-09-19',0.000,0.000,1,NULL),(31,'2023-09-19',11,'2023-09-19',0.000,0.000,1,NULL),(32,'2023-09-19',26,'2023-09-19',6.000,0.200,1,NULL),(33,'2023-09-19',5,'2023-09-19',0.000,0.000,1,NULL),(34,'2023-09-19',5,'2023-09-19',0.000,0.000,1,NULL),(35,'2023-09-19',5,'2023-09-19',0.000,0.000,1,NULL),(36,'2023-09-20',16,'2023-09-20',7.500,0.250,1,NULL),(37,'2023-09-20',27,'2023-09-20',7.500,0.250,1,NULL),(38,'2023-09-20',3,'2023-09-20',0.000,0.000,1,NULL),(39,'2023-09-20',5,'2023-09-20',0.000,0.000,1,NULL),(40,'2023-09-20',5,'2023-09-20',0.000,0.000,1,NULL),(41,'2023-09-20',18,'2023-09-20',6.000,0.200,1,NULL),(42,'2023-09-20',28,'2023-09-20',7.500,0.250,1,NULL),(43,'2023-09-20',20,'2023-09-20',7.500,0.250,1,NULL),(44,'2023-09-20',20,'2023-09-20',7.500,0.250,1,NULL),(45,'2023-09-20',29,'2023-09-20',10.000,0.333,1,NULL),(46,'2023-09-20',17,'2023-09-20',7.500,0.250,1,NULL),(47,'2023-09-20',26,'2023-09-20',6.000,0.200,1,NULL),(48,'2023-09-20',5,'2023-09-20',0.000,0.000,1,NULL),(49,'2023-09-20',30,'2023-09-20',10.000,0.333,1,NULL),(50,'2023-09-21',5,'2023-09-21',0.000,0.000,1,NULL),(51,'2023-09-21',5,'2023-09-21',0.000,0.000,1,NULL),(52,'2023-09-21',22,'2023-09-21',7.000,0.233,1,NULL),(53,'2023-09-21',33,'2023-09-21',8.000,0.267,1,NULL),(54,'2023-09-21',36,'2023-09-21',7.500,0.250,1,NULL),(55,'2023-09-21',8,'2023-09-21',6.000,0.200,1,NULL),(56,'2023-09-21',26,'2023-09-21',6.000,0.200,1,NULL),(57,'2023-09-21',38,'2023-09-21',7.500,0.250,1,NULL),(58,'2023-09-21',1,'2023-09-21',2.000,0.067,1,NULL),(59,'2023-09-21',11,'2023-09-21',0.000,0.000,1,NULL),(60,'2023-09-21',11,'2023-09-21',0.000,0.000,1,NULL),(61,'2023-09-22',2,'2023-09-22',0.000,0.000,1,NULL),(62,'2023-09-22',9,'2023-09-22',7.500,0.250,1,NULL),(63,'2023-09-22',5,'2023-09-22',0.000,0.000,1,NULL),(64,'2023-09-22',41,'2023-09-22',8.000,0.267,1,NULL),(65,'2023-09-22',42,'2023-09-22',7.500,0.250,1,NULL),(66,'2023-09-22',18,'2023-09-22',6.000,0.200,1,NULL),(67,'2023-09-22',39,'2023-09-22',7.500,0.250,1,NULL),(68,'2023-09-22',9,'2023-09-22',7.500,0.250,1,NULL),(69,'2023-09-22',43,'2023-09-22',3.500,0.117,1,NULL),(70,'2023-09-22',6,'2023-09-22',3.000,0.100,1,NULL),(71,'2023-09-22',44,'2023-09-22',6.000,0.200,1,NULL),(72,'2023-09-22',36,'2023-09-22',7.500,0.250,1,NULL),(73,'2023-09-22',45,'2023-09-22',3.000,0.100,1,NULL),(74,'2023-09-23',11,'2023-09-23',0.000,0.000,1,NULL),(75,'2023-09-23',5,'2023-09-23',0.000,0.000,1,NULL),(76,'2023-09-23',31,'2023-09-23',6.000,0.200,1,NULL),(77,'2023-09-23',2,'2023-09-23',0.000,0.000,1,NULL),(78,'2023-09-25',20,'2023-09-25',7.500,0.250,1,NULL),(79,'2023-09-25',46,'2023-09-25',10.000,0.333,1,NULL),(80,'2023-09-25',20,'2023-09-25',7.500,0.250,1,NULL),(81,'2023-09-25',47,'2023-09-25',7.500,0.250,1,NULL),(82,'2023-09-25',48,'2023-09-25',7.500,0.250,1,NULL),(83,'2023-09-25',49,'2023-09-25',10.000,0.333,1,NULL),(84,'2023-09-25',50,'2023-09-25',6.000,0.200,1,NULL),(85,'2023-09-25',32,'2023-09-25',4.000,0.133,1,NULL),(86,'2023-09-25',51,'2023-09-25',7.500,0.250,1,NULL),(87,'2023-09-25',43,'2023-09-25',3.500,0.117,1,NULL),(88,'2023-09-25',53,'2023-09-25',7.500,0.250,1,NULL),(89,'2023-09-25',56,'2023-09-25',10.000,0.333,1,NULL),(90,'2023-09-25',60,'2023-09-25',10.000,0.333,1,NULL),(91,'2023-09-25',61,'2023-09-25',7.500,0.250,1,NULL),(92,'2023-09-25',33,'2023-09-25',8.000,0.267,1,NULL),(93,'2023-09-26',5,'2023-09-26',0.000,0.000,1,NULL),(94,'2023-09-26',2,'2023-09-26',0.000,0.000,1,NULL),(95,'2023-09-26',5,'2023-09-26',0.000,0.000,1,NULL),(96,'2023-09-26',11,'2023-09-26',0.000,0.000,1,NULL),(97,'2023-09-26',11,'2023-09-26',0.000,0.000,1,NULL),(98,'2023-09-26',50,'2023-09-26',6.000,0.200,1,NULL),(99,'2023-09-26',12,'2023-09-26',7.500,0.250,1,NULL),(100,'2023-09-26',26,'2023-09-26',6.000,0.200,1,NULL),(101,'2023-09-26',62,'2023-09-26',7.500,0.250,1,NULL),(102,'2023-09-26',64,'2023-09-26',7.500,0.250,1,NULL),(103,'2023-09-26',6,'2023-09-26',3.000,0.100,1,NULL),(104,'2023-09-26',27,'2023-09-26',7.500,0.250,1,NULL),(105,'2023-09-26',67,'2023-09-26',7.500,0.250,1,NULL),(106,'2023-09-26',68,'2023-09-26',12.000,0.400,1,NULL),(107,'2023-09-26',41,'2023-09-26',8.000,0.267,1,NULL),(108,'2023-09-26',20,'2023-09-26',7.500,0.250,1,NULL),(109,'2023-09-26',69,'2023-09-26',7.500,0.250,1,NULL),(110,'2023-09-26',70,'2023-09-26',10.000,0.333,1,NULL),(111,'2023-09-26',71,'2023-09-26',7.500,0.250,1,NULL),(112,'2023-09-26',28,'2023-09-26',7.500,0.250,1,NULL),(113,'2023-09-26',12,'2023-09-26',7.500,0.250,1,NULL),(114,'2023-09-27',41,'2023-09-27',8.000,0.267,1,NULL),(115,'2023-09-27',5,'2023-09-27',0.000,0.000,1,NULL),(116,'2023-09-27',50,'2023-09-27',6.000,0.200,1,NULL),(117,'2023-09-27',50,'2023-09-27',6.000,0.200,1,NULL),(118,'2023-09-27',74,'2023-09-27',10.000,0.333,1,NULL),(119,'2023-09-27',75,'2023-09-27',6.000,0.200,1,NULL),(120,'2023-09-27',53,'2023-09-27',7.500,0.250,1,NULL),(121,'2023-09-27',33,'2023-09-27',8.000,0.267,1,NULL),(122,'2023-09-27',77,'2023-09-27',7.500,0.250,1,NULL),(123,'2023-09-27',6,'2023-09-27',3.000,0.100,1,NULL),(124,'2023-09-28',3,'2023-09-28',0.000,0.000,1,NULL),(125,'2023-09-28',5,'2023-09-28',0.000,0.000,1,NULL),(126,'2023-09-28',5,'2023-09-28',0.000,0.000,1,NULL),(127,'2023-09-28',3,'2023-09-28',0.000,0.000,1,NULL),(128,'2023-09-28',2,'2023-09-28',0.000,0.000,1,NULL),(129,'2023-09-28',80,'2023-09-28',7.500,0.250,1,NULL),(130,'2023-09-28',82,'2023-09-28',7.500,0.250,1,NULL),(131,'2023-09-28',82,'2023-09-28',7.500,0.250,1,NULL),(132,'2023-09-28',83,'2023-09-28',9.000,0.300,1,NULL),(133,'2023-09-28',50,'2023-09-28',6.000,0.200,1,NULL),(134,'2023-09-28',16,'2023-09-28',7.500,0.250,1,NULL),(135,'2023-09-28',1,'2023-09-28',2.000,0.067,1,NULL);
/*!40000 ALTER TABLE `borderos` ENABLE KEYS */;
UNLOCK TABLES;

--
-- Table structure for table `borderos_lancamentos`
--

DROP TABLE IF EXISTS `borderos_lancamentos`;
/*!40101 SET @saved_cs_client     = @@character_set_client */;
/*!50503 SET character_set_client = utf8mb4 */;
CREATE TABLE `borderos_lancamentos` (
  `idlancamento` int NOT NULL AUTO_INCREMENT,
  `numero_banco` varchar(45) DEFAULT NULL,
  `nome_banco` varchar(45) DEFAULT NULL,
  `agencia` varchar(45) DEFAULT NULL,
  `conta` varchar(45) DEFAULT NULL,
  `numero_cheque` varchar(45) DEFAULT NULL,
  `cpf_cnpj_cheque` varchar(20) DEFAULT NULL,
  `nome_cheque` varchar(100) DEFAULT NULL,
  `data_vencimento` varchar(45) DEFAULT NULL,
  `valor_cheque` decimal(10,2) DEFAULT NULL,
  `dias` int DEFAULT NULL,
  `valor_juros` decimal(10,2) DEFAULT NULL,
  `valor_liquido` decimal(10,2) DEFAULT NULL,
  `idbordero` int DEFAULT NULL,
  `status` varchar(10) DEFAULT NULL,
  `taxa_ted` decimal(10,2) DEFAULT NULL,
  `idbordero_deducao` int DEFAULT NULL,
  `data_devolucao` varchar(45) DEFAULT NULL,
  `juros_devolucao` decimal(10,2) DEFAULT NULL,
  `data_deducao` varchar(45) DEFAULT NULL,
  `data_pagamento` varchar(45) DEFAULT NULL,
  PRIMARY KEY (`idlancamento`),
  KEY `fk_borderos_lancamentos_borderos1_idx` (`idbordero`),
  KEY `fk_borderos_lancamentos_borderos2_idx` (`idbordero_deducao`),
  CONSTRAINT `fk_borderos_lancamentos_borderos1` FOREIGN KEY (`idbordero`) REFERENCES `borderos` (`idbordero`),
  CONSTRAINT `fk_borderos_lancamentos_borderos2` FOREIGN KEY (`idbordero_deducao`) REFERENCES `borderos` (`idbordero`)
) ENGINE=InnoDB AUTO_INCREMENT=334 DEFAULT CHARSET=utf8mb4 COLLATE=utf8mb4_0900_ai_ci;
/*!40101 SET character_set_client = @saved_cs_client */;

--
-- Dumping data for table `borderos_lancamentos`
--

LOCK TABLES `borderos_lancamentos` WRITE;
/*!40000 ALTER TABLE `borderos_lancamentos` DISABLE KEYS */;
INSERT INTO `borderos_lancamentos` VALUES (1,'33','BCO SANTANDER (BRASIL) S.A.',NULL,NULL,'000167-8',NULL,'jose marcos de figueiredo','2023-09-29',20701.49,13,0.00,20701.49,1,'LANÇADO',0.00,NULL,NULL,NULL,NULL,NULL),(2,'237','BCO BRADESCO S.A.',NULL,NULL,'000352-2',NULL,'MARCOS RAFAEL MARQUES BEZERRA','2023-10-18',7000.00,32,448.00,6552.00,2,'LANÇADO',0.00,NULL,NULL,NULL,NULL,NULL),(3,'237','BCO BRADESCO S.A.',NULL,NULL,'000356-5',NULL,'MARCO RAFAEL MARQUES BEZERRA','2023-11-01',7000.00,46,644.00,6356.00,2,'LANÇADO',0.00,NULL,NULL,NULL,NULL,NULL),(4,'341','ITAÚ UNIBANCO S.A.',NULL,NULL,'504162-7',NULL,'JOSE FRANCISCO BORGES','2023-10-04',4200.00,18,189.00,4011.00,3,'LANÇADO',0.00,NULL,NULL,NULL,NULL,NULL),(5,'341','ITAÚ UNIBANCO S.A.',NULL,NULL,'504161-9',NULL,'JOSE FRANCISCO BORGES','2023-09-30',4200.00,14,168.00,4032.00,3,'LANÇADO',0.00,NULL,NULL,NULL,NULL,NULL),(6,'341','ITAÚ UNIBANCO S.A.',NULL,NULL,'000020-5',NULL,'EURELINA OLIVEIRA BORGES','2023-09-30',14000.00,14,560.00,13440.00,3,'LANÇADO',0.00,NULL,NULL,NULL,NULL,NULL),(7,'341','ITAÚ UNIBANCO S.A.',NULL,NULL,'000005-1',NULL,'AURELIANA OLIVEIRA BORGES','2023-10-02',1500.00,16,60.00,1440.00,3,'LANÇADO',0.00,NULL,NULL,NULL,NULL,NULL),(8,'237','BCO BRADESCO S.A.',NULL,NULL,'100000-0',NULL,'ANTERO ALVES DE OLIVEIRA','2023-10-10',110.00,24,10.00,100.00,4,'LANÇADO',0.00,NULL,NULL,NULL,NULL,NULL),(9,'033','BCO SANTANDER (BRASIL) S.A.',NULL,NULL,'000701-3',NULL,'ava tran e comercio eireli','2023-09-18',1000.00,2,35.00,965.00,5,'LANÇADO',0.00,NULL,NULL,NULL,NULL,NULL),(10,'341','ITAÚ UNIBANCO S.A.',NULL,NULL,'000090-6',NULL,'LIRAH TRANSPORTES LTDA','2023-09-25',2000.00,9,70.00,1930.00,6,'LANÇADO',0.00,NULL,NULL,NULL,NULL,NULL),(11,'237','BCO BRADESCO S.A.',NULL,NULL,'000129-5',NULL,'IRMAOS RESENDE TRANSPORTES - DDD ','2023-10-12',21000.00,26,1000.00,20000.00,7,'LANÇADO',0.00,NULL,NULL,NULL,NULL,NULL),(12,'237','BCO BRADESCO S.A.',NULL,NULL,'001173-8',NULL,'JOSIAS GOMES DE SOUSA - RD QUIMICA CAD 964','2023-10-11',3470.00,25,1690.00,1780.00,8,'LANÇADO',0.00,NULL,NULL,NULL,NULL,NULL),(13,'237','BCO BRADESCO S.A.',NULL,NULL,'001174-6',NULL,'JOSIAS GOMES DE SOUSA','2023-10-26',3470.00,40,0.00,3470.00,8,'LANÇADO',0.00,NULL,NULL,NULL,NULL,NULL),(14,'237','BCO BRADESCO S.A.',NULL,NULL,'001175-5',NULL,'JOSIAS GOMES DE SOUZA','2023-11-13',3470.00,58,0.00,3470.00,8,'LANÇADO',0.00,NULL,NULL,NULL,NULL,NULL),(15,'237','BCO BRADESCO S.A.',NULL,NULL,'001176-2',NULL,'JOSIAS GOMES DE SOUZA','2023-11-25',3470.00,70,0.00,3470.00,8,'LANÇADO',0.00,NULL,NULL,NULL,NULL,NULL),(16,'237','BCO BRADESCO S.A.',NULL,NULL,'002785-5',NULL,'TRANSP SOARES DO RIO','2023-09-30',4200.00,14,0.00,4200.00,9,'LANÇADO',0.00,NULL,NULL,NULL,NULL,NULL),(17,'237','BCO BRADESCO S.A.',NULL,NULL,'003722-2',NULL,'serviço automotivo cidade satelite','2023-10-03',1800.00,17,0.00,1800.00,9,'LANÇADO',0.00,NULL,NULL,NULL,NULL,NULL),(18,'237','BCO BRADESCO S.A.',NULL,NULL,'004639-6',NULL,'LUIZ CARLOS FERREIRA','2023-09-18',2504.00,2,0.00,2504.00,9,'LANÇADO',0.00,NULL,NULL,NULL,NULL,NULL),(19,'341','ITAÚ UNIBANCO S.A.',NULL,NULL,'003250-6',NULL,'AGIL TRANSP','2023-09-18',120.00,2,0.00,120.00,9,'LANÇADO',0.00,NULL,NULL,NULL,NULL,NULL),(20,'237','BCO BRADESCO S.A.',NULL,NULL,'004131-9',NULL,'LILOG','2023-09-18',2658.85,2,0.00,2658.85,9,'LANÇADO',0.00,NULL,NULL,NULL,NULL,NULL),(21,'237','BCO BRADESCO S.A.',NULL,NULL,'005411-9',NULL,'JOSE REIS ALVES','2023-09-18',500.00,2,0.00,500.00,10,'LANÇADO',0.00,NULL,NULL,NULL,NULL,NULL),(22,'341','ITAÚ UNIBANCO S.A.',NULL,NULL,'011686-6',NULL,'SIMONE KAPOR','2023-10-03',1206.26,17,0.00,1206.26,10,'LANÇADO',0.00,NULL,NULL,NULL,NULL,NULL),(23,'001','BCO DO BRASIL S.A.',NULL,NULL,'105491-0',NULL,'SCOT CENTER','2023-10-16',3444.00,30,0.00,3444.00,11,'LANÇADO',0.00,NULL,NULL,NULL,NULL,NULL),(24,'341','ITAÚ UNIBANCO S.A.',NULL,NULL,'000111-2',NULL,'edivaldo cipriano da silva','2023-09-18',560.00,0,0.00,NULL,12,'LANÇADO',NULL,NULL,NULL,NULL,NULL,NULL),(25,'1','BCO DO BRASIL S.A.',NULL,NULL,'100000-0',NULL,'DISTRIBUIDORA DE GAS SALES (DANIEL)','2023-10-16',47380.00,28,1380.00,46000.00,13,'LANÇADO',0.00,NULL,NULL,NULL,NULL,NULL),(27,'001','BCO DO BRASIL S.A.',NULL,NULL,'851915-3',NULL,'carlos henrique','2023-10-17',1250.00,29,37.50,1212.50,13,'LANÇADO',0.00,NULL,NULL,NULL,NULL,NULL),(28,'756','BANCO SICOOB S.A.',NULL,NULL,'000203-8',NULL,'ELIANE DA SILVA','2023-10-18',26875.00,30,1875.00,25000.00,14,'LANÇADO',0.00,NULL,NULL,NULL,NULL,NULL),(29,'237','BCO BRADESCO S.A.',NULL,NULL,'001508-3',NULL,'JOENILDE G RODRGUES - JO ACARI 1025','2023-10-18',3060.00,30,230.00,2823.00,15,'LANÇADO',7.00,NULL,NULL,NULL,NULL,NULL),(30,'1','BCO DO BRASIL S.A.',NULL,NULL,'1',NULL,'JOSE CARLOS BATISTA','2023-09-18',650.00,0,125.00,525.00,16,'LANÇADO',0.00,NULL,NULL,NULL,NULL,NULL),(31,'341','ITAÚ UNIBANCO S.A.',NULL,NULL,'000174-0',NULL,'JANILDO AUGUSTO DE MOURA - CODIGO 88','2023-10-16',3593.00,28,216.00,3377.00,17,'LANÇADO',0.00,NULL,NULL,NULL,NULL,NULL),(32,'033','BCO SANTANDER (BRASIL) S.A.',NULL,NULL,'000496-0',NULL,'FABIO GUIMARAES DIONISIO','2023-10-16',5350.00,28,401.25,4948.75,18,'LANÇADO',0.00,NULL,NULL,NULL,NULL,NULL),(33,'033','BCO SANTANDER (BRASIL) S.A.',NULL,NULL,'000497-9',NULL,'FABIO GUIMARAES DIONISIO','2023-10-16',6125.00,28,459.38,5665.62,18,'LANÇADO',0.00,NULL,NULL,NULL,NULL,NULL),(34,'033','BCO SANTANDER (BRASIL) S.A.',NULL,NULL,'000498-7',NULL,'FABIO GUIMARAES DIONISIO','2023-10-16',6150.00,28,461.25,5688.75,18,'LANÇADO',0.00,NULL,NULL,NULL,NULL,NULL),(35,'237','BCO BRADESCO S.A.',NULL,NULL,'002527-5',NULL,'gesso do vale facil','2023-09-18',4250.00,0,0.00,4250.00,19,'LANÇADO',0.00,NULL,NULL,NULL,NULL,NULL),(36,'237','BCO BRADESCO S.A.',NULL,NULL,'002528-3',NULL,'gesso do vale facil','2023-09-19',4250.00,1,0.00,4250.00,19,'LANÇADO',0.00,NULL,NULL,NULL,NULL,NULL),(37,'341','ITAÚ UNIBANCO S.A.',NULL,NULL,'000536-3',NULL,'transportes kafeny','2023-09-25',1500.00,7,0.00,1500.00,19,'LANÇADO',0.00,NULL,NULL,NULL,NULL,NULL),(38,'341','ITAÚ UNIBANCO S.A.',NULL,NULL,'001580',NULL,'aluisio luiz aquino da silva','2023-10-17',1320.00,29,0.00,1320.00,19,'LANÇADO',0.00,NULL,NULL,NULL,NULL,NULL),(39,'4/20','NP',NULL,NULL,'4',NULL,'ADILSON JOSE SIMOES','2023-10-16',1000.00,28,1500.00,-500.00,20,'LANÇADO',0.00,NULL,NULL,NULL,NULL,NULL),(40,'5/20','NP',NULL,NULL,'5',NULL,'ADILSON JOSE SIMOES','2023-11-16',1000.00,59,0.00,1000.00,20,'LANÇADO',0.00,NULL,NULL,NULL,NULL,NULL),(41,'6/20','NP',NULL,NULL,'6',NULL,'ADILSON JOSE SIMOES','2023-12-15',1000.00,88,0.00,1000.00,20,'LANÇADO',0.00,NULL,NULL,NULL,NULL,NULL),(42,'7/20','NP',NULL,NULL,'7',NULL,'ADILSON JOSE SIMOES','2024-01-15',1000.00,119,0.00,1000.00,20,'LANÇADO',0.00,NULL,NULL,NULL,NULL,NULL),(43,'8/20','NP',NULL,NULL,'8',NULL,'ADILSON JOSE SIMOES','2024-02-15',1000.00,150,0.00,1000.00,20,'LANÇADO',0.00,NULL,NULL,NULL,NULL,NULL),(44,'9/20','NP',NULL,NULL,'9',NULL,'ADILSON JOSE SIMOES','2024-03-15',1000.00,179,0.00,1000.00,20,'LANÇADO',0.00,NULL,NULL,NULL,NULL,NULL),(45,'033','BCO SANTANDER (BRASIL) S.A.',NULL,NULL,'000055-8',NULL,'JOSE CUPERTINO MOLICA NETO','2023-12-18',1150.00,91,267.00,418.00,20,'LANÇADO',465.00,NULL,NULL,NULL,NULL,NULL),(46,'033','BCO SANTANDER (BRASIL) S.A.',NULL,NULL,'000056-6',NULL,'JOSE CUPERTINO MOLICA NETO','2024-01-18',1150.00,122,356.00,794.00,20,'LANÇADO',0.00,NULL,NULL,NULL,NULL,NULL),(47,'341','ITAÚ UNIBANCO S.A.',NULL,NULL,'000115-5',NULL,'JULIANA NOVAES DOS SANTOS','2023-10-02',800.00,14,32.00,768.00,20,'LANÇADO',0.00,NULL,NULL,NULL,NULL,NULL),(48,'2327','RAPOSO',NULL,NULL,'2327',NULL,'RAPOSO INDUSTRIA','2023-10-18',14560.00,30,1092.00,13461.00,21,'LANÇADO',7.00,NULL,NULL,NULL,NULL,NULL),(49,'237','BCO BRADESCO S.A',NULL,NULL,'012597-0',NULL,'novo mundo','2023-10-13',1016.00,25,63.50,952.50,22,'LANÇADO',0.00,NULL,NULL,NULL,NULL,NULL),(50,'237','BCO BRADESCO S.A.',NULL,NULL,'012598-9',NULL,'novo mundo ','2023-10-27',1015.00,39,98.96,916.04,22,'LANÇADO',0.00,NULL,NULL,NULL,NULL,NULL),(51,'237','BCO BRADESCO S.A.',NULL,NULL,'012599-7',NULL,'novo mundo','2023-11-10',1015.00,53,134.49,880.51,22,'LANÇADO',0.00,NULL,NULL,NULL,NULL,NULL),(52,'341','ITAÚ UNIBANCO S.A.',NULL,NULL,'003258-1',NULL,'agil transportes','2023-09-19',100.00,0,0.00,100.00,23,'LANÇADO',0.00,NULL,NULL,NULL,NULL,NULL),(53,'341','ITAÚ UNIBANCO S.A.',NULL,NULL,'003254-9',NULL,'AGIL TRANSPORTES','2023-09-19',330.00,0,0.00,330.00,23,'LANÇADO',0.00,NULL,NULL,NULL,NULL,NULL),(54,'237','BCO BRADESCO S.A.',NULL,NULL,'003698-6',NULL,'RM TRANSPORTES','2023-09-25',900.00,6,0.00,900.00,23,'LANÇADO',0.00,NULL,NULL,NULL,NULL,NULL),(55,'033','BCO SANTANDER (BRASIL) S.A.',NULL,NULL,'000444-8',NULL,'LUIZ FELIPE PEREIRA DA SILVA','2023-10-19',11060.00,30,774.09,10285.91,24,'LANÇADO',0.00,NULL,NULL,NULL,NULL,NULL),(56,'033','BCO SANTANDER (BRASIL) S.A.',NULL,NULL,'000445-6',NULL,'LUIZ FELIPE PEREIRA DA SILVA','2023-11-20',11060.00,62,1345.91,9714.09,24,'LANÇADO',0.00,NULL,NULL,NULL,NULL,NULL),(57,'001','BCO DO BRASIL S.A.',NULL,NULL,'850033-9',NULL,'AMANDA PINHEIRO CAMILO DA SILVA','2023-10-11',4500.00,22,337.50,4162.50,25,NULL,0.00,NULL,NULL,NULL,NULL,NULL),(58,'001','BCO DO BRASIL S.A.',NULL,NULL,'850034-7',NULL,'WELLINGTON AMARAL DOS SANTOS - COD 402','2023-10-11',5000.00,22,375.00,4625.00,25,NULL,0.00,NULL,NULL,NULL,NULL,NULL),(59,'341','ITAÚ UNIBANCO S.A.',NULL,NULL,'012224-6',NULL,'BROS LOGISTICA','2023-09-28',4000.00,9,140.00,3860.00,26,'LANÇADO',0.00,NULL,NULL,NULL,NULL,NULL),(60,'341','ITAÚ UNIBANCO S.A.',NULL,NULL,'012225-4',NULL,'REINALDO MARTINEZ - BROS LOGISTICA - CAD 1419','2023-10-03',4000.00,14,140.00,3860.00,26,'LANÇADO',0.00,NULL,NULL,NULL,NULL,NULL),(61,'1','BCO DO BRASIL S.A.',NULL,NULL,'1',NULL,'MARIVALDO SENA SANTOS','2023-10-16',1100.00,27,100.00,1000.00,27,'LANÇADO',0.00,NULL,NULL,NULL,NULL,NULL),(62,'1','1',NULL,NULL,'1',NULL,'ADRINA AFONSO SIMPLICIO DE MELO - V3','2023-09-25',15835.50,6,310.50,15525.00,28,'LANÇADO',0.00,NULL,NULL,NULL,NULL,NULL),(63,'1','BCO DO BRASIL S.A.',NULL,NULL,'23291',NULL,'R. PIERONI','2023-10-17',3500.00,28,245.00,3248.00,29,'LANÇADO',7.00,NULL,NULL,NULL,NULL,NULL),(64,'1','BCO DO BRASIL S.A.',NULL,NULL,'23292',NULL,'R. PIERONI','2023-10-24',3500.00,35,306.25,3186.75,29,'LANÇADO',7.00,NULL,NULL,NULL,NULL,NULL),(65,'1','BCO DO BRASIL S.A.',NULL,NULL,'23293',NULL,'R. PIERONI','2023-10-31',3500.00,42,367.50,3125.50,29,'LANÇADO',7.00,NULL,NULL,NULL,NULL,NULL),(66,'1','BCO DO BRASIL S.A.',NULL,NULL,'23294',NULL,'R. PIERONI','2023-11-07',3500.00,49,428.75,3064.25,29,'LANÇADO',7.00,NULL,NULL,NULL,NULL,NULL),(67,'1','BCO DO BRASIL S.A.',NULL,NULL,'23295',NULL,'R. PIERONI','2023-11-14',3500.00,56,490.00,3003.00,29,'LANÇADO',7.00,NULL,NULL,NULL,NULL,NULL),(68,'1','BCO DO BRASIL S.A.',NULL,NULL,'23296',NULL,'R. PIERONI','2023-11-21',3500.00,63,551.25,2941.75,29,'LANÇADO',7.00,NULL,NULL,NULL,NULL,NULL),(69,'1','BCO DO BRASIL S.A.',NULL,NULL,'23297',NULL,'R. PIERONI','2023-11-28',3500.00,70,612.50,2880.50,29,'LANÇADO',7.00,NULL,NULL,NULL,NULL,NULL),(70,'237','BCO BRADESCO S.A.',NULL,NULL,'000002-7',NULL,'basepol comercio de produtos','2023-10-16',17500.00,27,1050.00,16450.00,32,'LANÇADO',0.00,NULL,NULL,NULL,NULL,NULL),(71,'756','BANCO SICOOB S.A.',NULL,NULL,'000035-3',NULL,'barbosa e ramos transportes','2023-10-04',2000.00,15,0.00,2000.00,35,NULL,0.00,NULL,NULL,NULL,NULL,NULL),(72,'237','BCO BRADESCO S.A.',NULL,NULL,'008142-6',NULL,'quatro aguia transportes','2023-09-28',1300.00,9,0.00,1300.00,35,NULL,0.00,NULL,NULL,NULL,NULL,NULL),(73,'341','ITAÚ UNIBANCO S.A.',NULL,NULL,'011689-0',NULL,'simone kapor','2023-10-04',1241.10,15,0.00,1241.10,35,NULL,0.00,NULL,NULL,NULL,NULL,NULL),(74,'001','BCO DO BRASIL S.A.',NULL,NULL,'105493-7',NULL,'scot center la','2023-10-18',3419.40,29,0.00,3419.40,35,NULL,0.00,NULL,NULL,NULL,NULL,NULL),(75,'756','BANCO SICOOB S.A.',NULL,NULL,'000046-9',NULL,'sandra sinadria fautino perez','2023-10-18',2093.33,29,0.00,2093.33,35,NULL,0.00,NULL,NULL,NULL,NULL,NULL),(76,'237','BCO BRADESCO S.A.',NULL,NULL,'016045',NULL,'antonio martins de lacerda','2023-10-18',960.00,29,0.00,960.00,35,NULL,0.00,NULL,NULL,NULL,NULL,NULL),(77,'341','ITAÚ UNIBANCO S.A.',NULL,NULL,'000703-0',NULL,'ibp comerc. de marmores e granitos','2023-10-30',1000.00,41,0.00,1000.00,35,NULL,0.00,NULL,NULL,NULL,NULL,NULL),(78,'237','BCO BRADESCO S.A.',NULL,NULL,'002785-3',NULL,'transp soares do rio ','2023-10-02',2100.00,13,0.00,2100.00,35,'LANÇADO',0.00,NULL,NULL,NULL,NULL,NULL),(79,'756','BANCO SICOOB S.A.',NULL,NULL,'001338-2',NULL,'antonio carlos cunha de souza','2023-10-03',3815.00,14,0.00,3815.00,35,'LANÇADO',0.00,NULL,NULL,NULL,NULL,NULL),(80,'341','ITAÚ UNIBANCO S.A.',NULL,NULL,'000065-5',NULL,'paulo de tarso zerbinatti','2023-10-02',3388.70,13,0.00,3388.70,30,'LANÇADO',0.00,NULL,NULL,NULL,NULL,NULL),(81,'1','BCO DO BRASIL S.A.',NULL,NULL,'1',NULL,'genesis ind comer.','2023-10-06',1640.00,16,65.60,1567.40,36,'LANÇADO',7.00,NULL,NULL,NULL,NULL,NULL),(82,'1','BCO DO BRASIL S.A.',NULL,NULL,'2',NULL,'genesis ind comerc.','2023-10-13',1640.00,23,94.30,1538.70,36,'LANÇADO',7.00,NULL,NULL,NULL,NULL,NULL),(83,'1','BCO DO BRASIL S.A.',NULL,NULL,'3',NULL,'genesis ind comerc.','2023-10-20',1640.00,30,123.00,1510.00,36,'LANÇADO',7.00,NULL,NULL,NULL,NULL,NULL),(84,'1','BCO DO BRASIL S.A.',NULL,NULL,'4',NULL,'genesis ind comerc.','2023-10-27',1640.00,37,151.70,1481.30,36,'LANÇADO',7.00,NULL,NULL,NULL,NULL,NULL),(85,'1','BCO DO BRASIL S.A.',NULL,NULL,'5',NULL,'genesis ind comerc.','2023-11-03',1640.00,44,180.40,1452.60,36,'LANÇADO',7.00,NULL,NULL,NULL,NULL,NULL),(86,'1','BCO DO BRASIL S.A.',NULL,NULL,'1',NULL,'tatiane cristina rocha schmitt','2023-10-03',2057.64,13,72.02,1978.62,36,'LANÇADO',7.00,NULL,NULL,NULL,NULL,NULL),(87,'1','BCO DO BRASIL S.A.',NULL,NULL,'2',NULL,'tatiane cristina rocha schmitt','2023-10-10',2057.64,20,102.88,1947.76,36,'LANÇADO',7.00,NULL,NULL,NULL,NULL,NULL),(88,'1','BCO DO BRASIL S.A.',NULL,NULL,'1',NULL,'carajas material de construçao','2023-10-18',1023.88,28,71.67,945.21,36,'LANÇADO',7.00,NULL,NULL,NULL,NULL,NULL),(89,'1','BCO DO BRASIL S.A.',NULL,NULL,'1',NULL,'carajas material de construçao','2023-10-18',3638.84,28,254.72,3377.12,36,'LANÇADO',7.00,NULL,NULL,NULL,NULL,NULL),(90,'1','BCO DO BRASIL S.A.',NULL,NULL,'1',NULL,'mm print comerc. etiquetas','2023-10-13',709.19,23,40.78,661.41,36,'LANÇADO',7.00,NULL,NULL,NULL,NULL,NULL),(91,'1','BCO DO BRASIL S.A.',NULL,NULL,'1',NULL,'carajas material de construçao','2023-10-18',759.64,28,53.17,699.47,36,'LANÇADO',7.00,NULL,NULL,NULL,NULL,NULL),(92,'1','BCO DO BRASIL S.A.',NULL,NULL,'1',NULL,'mm print comerc. de etiquetas','2023-10-11',894.63,21,46.97,840.66,36,'LANÇADO',7.00,NULL,NULL,NULL,NULL,NULL),(93,'1','BCO DO BRASIL S.A.',NULL,NULL,'2',NULL,'mm print comerc. de etiquetas','2023-10-18',894.63,28,62.62,825.01,36,'LANÇADO',7.00,NULL,NULL,NULL,NULL,NULL),(94,'1','BCO DO BRASIL S.A.',NULL,NULL,'1',NULL,'evelyn da costa felipe','2023-10-17',1284.78,27,86.72,1191.06,36,'LANÇADO',7.00,NULL,NULL,NULL,NULL,NULL),(95,'1','BCO DO BRASIL S.A.',NULL,NULL,'1',NULL,'carajas material de construçao','2023-10-18',2129.76,28,149.08,1973.68,36,'LANÇADO',7.00,NULL,NULL,NULL,NULL,NULL),(96,'1','BCO DO BRASIL S.A.',NULL,NULL,'1',NULL,'carajas material de construçao','2023-10-13',2879.03,23,165.54,2706.49,36,'LANÇADO',7.00,NULL,NULL,NULL,NULL,NULL),(97,'1','BCO DO BRASIL S.A.',NULL,NULL,'1',NULL,'carajas material de construçao','2023-10-18',1805.72,28,126.40,1672.32,36,'LANÇADO',7.00,NULL,NULL,NULL,NULL,NULL),(98,'1','BCO DO BRASIL S.A.',NULL,NULL,'1',NULL,'saidata automaçao','2023-10-06',798.40,16,31.94,759.46,36,'LANÇADO',7.00,NULL,NULL,NULL,NULL,NULL),(99,'1','BCO DO BRASIL S.A.',NULL,NULL,'59326',NULL,'LS COELHO','2023-10-04',5840.88,14,204.43,5629.45,37,'LANÇADO',7.00,NULL,NULL,NULL,NULL,NULL),(100,'104','CAIXA ECONOMICA FEDERAL',NULL,NULL,'902666-5',NULL,'quaruba madeiras','2023-10-16',3328.00,26,0.00,3328.00,38,'LANÇADO',0.00,NULL,NULL,NULL,NULL,NULL),(101,'001','BCO DO BRASIL S.A.',NULL,NULL,'850078-9',NULL,'vinicius da silva gomes','2023-10-18',399.00,28,0.00,399.00,38,'LANÇADO',0.00,NULL,NULL,NULL,NULL,NULL),(102,'001','BCO DO BRASIL S.A.',NULL,NULL,'852635-4',NULL,'madereira sao rafael','0023-10-27',2500.00,-730448,0.00,2500.00,38,'LANÇADO',0.00,NULL,NULL,NULL,NULL,NULL),(103,'341','ITAÚ UNIBANCO S.A.',NULL,NULL,'001466-4',NULL,'zaira transportes','2023-09-29',2500.00,9,0.00,2500.00,39,'LANÇADO',0.00,NULL,NULL,NULL,NULL,NULL),(104,'237','BCO BRADESCO S.A.',NULL,NULL,'004802-0',NULL,'brasil express transp','2023-09-29',1400.00,9,0.00,1400.00,39,'LANÇADO',0.00,NULL,NULL,NULL,NULL,NULL),(105,'237','BCO BRADESCO S.A.',NULL,NULL,'000345-0',NULL,'linaldo arruda barbosa','2023-10-02',2240.00,12,0.00,2240.00,39,'LANÇADO',0.00,NULL,NULL,NULL,NULL,NULL),(106,'237','BCO BRADESCO S.A.',NULL,NULL,'002789-8',NULL,'transportes soares do rio','2023-10-03',4200.00,13,0.00,4200.00,39,'LANÇADO',0.00,NULL,NULL,NULL,NULL,NULL),(107,'033','BCO SANTANDER (BRASIL) S.A.',NULL,NULL,'000657-2',NULL,'m g g marm e granitos','2023-10-04',2681.00,14,0.00,2681.00,39,'LANÇADO',0.00,NULL,NULL,NULL,NULL,NULL),(108,'237','BCO BRADESCO S.A.',NULL,NULL,'017417',NULL,'joao ferreira de lacerda marmore','2023-10-16',2772.00,26,0.00,2772.00,39,'LANÇADO',0.00,NULL,NULL,NULL,NULL,NULL),(109,'033','BCO SANTANDER (BRASIL) S.A.',NULL,NULL,'000714-5',NULL,'brasilminas ind e comerc','2023-10-16',2430.00,26,0.00,2430.00,39,'LANÇADO',0.00,NULL,NULL,NULL,NULL,NULL),(110,'237','BCO BRADESCO S.A.',NULL,NULL,'002199-7',NULL,'gvc express ltda','2023-12-01',8610.67,72,0.00,8610.67,39,'LANÇADO',0.00,NULL,NULL,NULL,NULL,NULL),(111,'237','BCO BRADESCO S.A.',NULL,NULL,'002200-4',NULL,'gvc express','2023-12-18',10414.60,89,0.00,10414.60,39,'LANÇADO',0.00,NULL,NULL,NULL,NULL,NULL),(112,'237','BCO BRADESCO S.A.',NULL,NULL,'001216-5',NULL,'amauri inacio gonçalves','2023-09-20',365.50,0,0.00,365.50,40,'LANÇADO',0.00,NULL,NULL,NULL,NULL,NULL),(113,'237','BCO BRADESCO S.A.',NULL,NULL,'004136-0',NULL,'lilog transportes','2023-09-20',460.00,0,0.00,460.00,40,'LANÇADO',0.00,NULL,NULL,NULL,NULL,NULL),(114,'085','COOPCENTRAL AILOS',NULL,NULL,'081860-7',NULL,'dago transportes','2023-09-20',263.47,0,0.00,263.47,40,'LANÇADO',0.00,NULL,NULL,NULL,NULL,NULL),(115,'341','ITAÚ UNIBANCO S.A.',NULL,NULL,'002537-2',NULL,'AUTO POSTO CUMBICA LTDA','2023-09-20',860.20,0,0.00,860.20,40,'LANÇADO',0.00,NULL,NULL,NULL,NULL,NULL),(116,'341','ITAÚ UNIBANCO S.A.',NULL,NULL,'001581-4',NULL,'ALUISIO LUIZ AQUINO DA SILVA','2023-10-30',1630.00,40,130.00,1500.00,41,'LANÇADO',0.00,NULL,NULL,NULL,NULL,NULL),(117,'341','ITAÚ UNIBANCO S.A.',NULL,NULL,'000123-6',NULL,'JURACI GONCALVES DE SOUZA','2023-10-20',12600.00,30,440.00,12160.00,42,'LANÇADO',0.00,NULL,NULL,NULL,NULL,NULL),(118,'001','BCO DO BRASIL S.A.',NULL,NULL,'850065-7',NULL,'RIVAN SANTOS DE OLIVEIRA','2023-10-20',4000.00,30,300.00,3700.00,43,'LANÇADO',0.00,NULL,NULL,NULL,NULL,NULL),(119,'1','BCO DO BRASIL S.A.',NULL,NULL,'850021-5',NULL,'AMANDA PINHEIRO CAMILO','2023-10-20',2500.00,30,487.50,2012.50,44,'LANÇADO',0.00,NULL,NULL,NULL,NULL,NULL),(120,'001','BCO DO BRASIL S.A.',NULL,NULL,'850020-7',NULL,'AMANDA PINHEIRO CAMILO DA SILVA','2023-10-20',2500.00,30,0.00,2500.00,44,'LANÇADO',0.00,NULL,NULL,NULL,NULL,NULL),(121,'001','BCO DO BRASIL S.A.',NULL,NULL,'850019-3',NULL,'AMANDA PINHEIRO CAMILO DA SILVA','2023-10-20',2500.00,30,0.00,2500.00,44,'LANÇADO',0.00,NULL,NULL,NULL,NULL,NULL),(122,'237','BCO BRADESCO S.A.',NULL,NULL,'000155-4',NULL,'CLEYTON FERREIRA SANTANA','2023-09-27',4500.00,7,100.00,4400.00,45,'LANÇADO',0.00,NULL,NULL,NULL,NULL,NULL),(123,'1','BCO DO BRASIL S.A.',NULL,NULL,'1',NULL,'IZABELLY','2023-10-10',1360.00,20,270.00,1090.00,46,'LANÇADO',0.00,NULL,NULL,NULL,NULL,NULL),(124,'1','BCO DO BRASIL S.A.',NULL,NULL,'1',NULL,'JOAO VITOR','2023-10-10',270.00,20,20.00,250.00,46,'LANÇADO',0.00,NULL,NULL,NULL,NULL,NULL),(125,'1','BCO DO BRASIL S.A.',NULL,NULL,'1',NULL,'JOYCE','2023-10-16',435.00,26,33.00,402.00,46,'LANÇADO',0.00,NULL,NULL,NULL,NULL,NULL),(126,'341','ITAÚ UNIBANCO S.A.',NULL,NULL,'000028-0',NULL,'EDELSON LOPES VEIGA','2023-10-20',17650.00,30,1059.00,16591.00,47,'LANÇADO',0.00,NULL,NULL,NULL,NULL,NULL),(127,'1','BCO DO BRASIL S.A.',NULL,NULL,'1',NULL,'CARTAO','2023-09-20',0.00,0,369.11,-369.11,48,'LANÇADO',0.00,NULL,NULL,NULL,NULL,NULL),(128,'341','ITAÚ UNIBANCO S.A.',NULL,NULL,'100572-3',NULL,'ALUISIO BEN SANTIAGO SILVA - SILVACAR','2023-10-20',1000.00,30,90.00,910.00,49,'LANÇADO',0.00,NULL,NULL,NULL,NULL,NULL),(129,'341','ITAÚ UNIBANCO S.A.',NULL,NULL,'000539-8',NULL,'transporte kafeny','2023-09-21',1300.00,0,0.00,1300.00,50,'LANÇADO',0.00,NULL,NULL,NULL,NULL,NULL),(130,'237','BCO BRADESCO S.A.',NULL,NULL,'017427-0',NULL,'joao ferreira de lacerda','2023-10-20',1860.00,29,0.00,1860.00,50,'LANÇADO',0.00,NULL,NULL,NULL,NULL,NULL),(131,'001','BCO DO BRASIL S.A.',NULL,NULL,'850416-4',NULL,'bia br transportes','2023-09-21',700.00,0,0.00,700.00,50,'LANÇADO',0.00,NULL,NULL,NULL,NULL,NULL),(132,'341','ITAÚ UNIBANCO S.A.',NULL,NULL,'002046',NULL,'recuperadora auto pr','2023-09-21',390.00,0,0.00,390.00,50,'LANÇADO',0.00,NULL,NULL,NULL,NULL,NULL),(133,'341','ITAÚ UNIBANCO S.A.',NULL,NULL,'006274-0',NULL,'mmb comercio de plasticos','2023-09-21',1700.00,0,0.00,1700.00,50,'LANÇADO',0.00,NULL,NULL,NULL,NULL,NULL),(134,'033','BCO SANTANDER (BRASIL) S.A.',NULL,NULL,'006949-3',NULL,'log 7 t logistica','2023-09-22',3000.00,1,0.00,3000.00,51,'LANÇADO',0.00,NULL,NULL,NULL,NULL,NULL),(135,'341','ITAÚ UNIBANCO S.A.',NULL,NULL,'001316-1',NULL,'math montagem','2023-10-02',600.00,11,0.00,600.00,51,'LANÇADO',0.00,NULL,NULL,NULL,NULL,NULL),(136,'237','BCO BRADESCO S.A.',NULL,NULL,'002790-1',NULL,'transportes soares do rio','2023-10-04',2100.00,13,0.00,2100.00,51,'LANÇADO',0.00,NULL,NULL,NULL,NULL,NULL),(137,'341','ITAÚ UNIBANCO S.A.',NULL,NULL,'011694-7',NULL,'simone kapor','2023-10-06',1845.90,15,0.00,1845.90,51,'LANÇADO',0.00,NULL,NULL,NULL,NULL,NULL),(138,'756','BANCO SICOOB S.A.',NULL,NULL,'000036-1',NULL,'barbosa e ramos transportes','2023-10-13',1800.00,22,0.00,1800.00,51,'LANÇADO',0.00,NULL,NULL,NULL,NULL,NULL),(139,'001','BCO DO BRASIL S.A.',NULL,NULL,'105494',NULL,'scot center lar','2023-10-20',3653.10,29,0.00,3653.10,51,'LANÇADO',0.00,NULL,NULL,NULL,NULL,NULL),(140,'033','BCO SANTANDER (BRASIL) S.A.',NULL,NULL,'000318-2',NULL,'LUIZ FELIPE PEREIRA DA SILVA','2023-11-22',150000.00,62,15000.00,135000.00,52,NULL,0.00,NULL,NULL,NULL,NULL,NULL),(141,'341','ITAÚ UNIBANCO S.A.',NULL,NULL,'000078-7',NULL,'KLEITON CERQUEIRA ALVES','2023-10-23',4050.00,32,300.00,3750.00,53,'LANÇADO',0.00,NULL,NULL,NULL,NULL,NULL),(142,'033','BCO SANTANDER (BRASIL) S.A.',NULL,NULL,'000724-2',NULL,'JOAO DIAS ATAIDE FILHO - COD 944','2023-10-23',2150.00,32,150.00,2000.00,54,'LANÇADO',0.00,NULL,NULL,NULL,NULL,NULL),(143,'033','BCO SANTANDER (BRASIL) S.A.',NULL,NULL,'012484-2',NULL,'WORK METAL','2023-10-16',14913.00,25,745.65,14167.35,55,'LANÇADO',0.00,NULL,NULL,NULL,NULL,NULL),(144,'104','CAIXA ECONOMICA FEDERAL',NULL,NULL,'900017-8',NULL,'RS TITNAS EIRELI','2023-10-11',17900.00,20,751.80,17148.20,56,'LANÇADO',0.00,NULL,NULL,NULL,NULL,NULL),(145,'033','BCO SANTANDER (BRASIL) S.A.',NULL,NULL,'000110-4',NULL,'TEREZA C OLIVEIRA','2023-10-23',1350.00,32,4850.00,-3500.00,57,NULL,0.00,NULL,NULL,NULL,NULL,NULL),(146,'033','BCO SANTANDER (BRASIL) S.A.',NULL,NULL,'000111-2',NULL,'TEREZA C OLIVEIRA','2023-11-21',1350.00,61,0.00,1350.00,57,NULL,0.00,NULL,NULL,NULL,NULL,NULL),(147,'033','BCO SANTANDER (BRASIL) S.A.',NULL,NULL,'000112-0',NULL,'TEREZA C OLIVEIRA','2023-12-21',1350.00,91,0.00,1350.00,57,NULL,0.00,NULL,NULL,NULL,NULL,NULL),(148,'033','BCO SANTANDER (BRASIL) S.A.',NULL,NULL,'000113-9',NULL,'TEREZA C OLIVEIRA','2024-01-22',1350.00,123,0.00,1350.00,57,NULL,0.00,NULL,NULL,NULL,NULL,NULL),(149,'033','BCO SANTANDER (BRASIL) S.A.',NULL,NULL,'000114-7',NULL,'TEREZA C OLIVEIRA','2024-02-20',1350.00,152,0.00,1350.00,57,NULL,0.00,NULL,NULL,NULL,NULL,NULL),(150,'033','BCO SANTANDER (BRASIL) S.A.',NULL,NULL,'000115-5',NULL,'TEREZA C OLIVEIRA','2024-03-20',1350.00,181,0.00,1350.00,57,NULL,0.00,NULL,NULL,NULL,NULL,NULL),(151,'033','BCO SANTANDER (BRASIL) S.A.',NULL,NULL,'000116-3',NULL,'TEREZA C OLIVEIRA','2024-04-22',1350.00,214,0.00,1350.00,57,NULL,0.00,NULL,NULL,NULL,NULL,NULL),(152,'033','BCO SANTANDER (BRASIL) S.A.',NULL,NULL,'000117-1',NULL,'TEREZA C OLIVEIRA','2024-05-20',1350.00,242,0.00,1350.00,57,NULL,0.00,NULL,NULL,NULL,NULL,NULL),(153,'033','BCO SANTANDER (BRASIL) S.A.',NULL,NULL,'000118-0',NULL,'TEREZA C OLIVEIRA','2024-06-20',1350.00,273,0.00,1350.00,57,NULL,0.00,NULL,NULL,NULL,NULL,NULL),(154,'033','BCO SANTANDER (BRASIL) S.A.',NULL,NULL,'000119-8',NULL,'TEREZA C OLIVEIRA','2024-07-22',1350.00,305,0.00,1350.00,57,NULL,0.00,NULL,NULL,NULL,NULL,NULL),(155,'033','BCO SANTANDER (BRASIL) S.A.',NULL,NULL,'000120-1',NULL,'TEREZA C OLIVEIRA','2024-08-20',1350.00,334,0.00,1350.00,57,NULL,0.00,NULL,NULL,NULL,NULL,NULL),(156,'JUR','JUROS',NULL,NULL,'0',NULL,'ZOLIDIANE','2023-09-21',0.00,0,20.00,-20.00,58,NULL,0.00,NULL,NULL,NULL,NULL,NULL),(157,'341','ITAÚ UNIBANCO S.A.',NULL,NULL,'003266-2',NULL,'agil transportes','2023-09-21',200.00,0,0.00,200.00,59,'LANÇADO',0.00,NULL,NULL,NULL,NULL,NULL),(158,'341','ITAÚ UNIBANCO S.A.',NULL,NULL,'000770-6',NULL,'sao judas embalagens','2023-09-21',996.00,0,0.00,996.00,59,'LANÇADO',0.00,NULL,NULL,NULL,NULL,NULL),(159,'756','BANCO SICOOB S.A.',NULL,NULL,'020133-9',NULL,'antonio carlos cunha de sousa','2023-10-03',3630.00,12,0.00,3630.00,60,'LANÇADO',0.00,NULL,NULL,NULL,NULL,NULL),(160,'237','BCO BRADESCO S.A.',NULL,NULL,'004509',NULL,'cris derivados de petroleo','2023-09-22',300.43,0,0.00,300.43,61,'LANÇADO',0.00,NULL,NULL,NULL,NULL,NULL),(162,'237','BCO BRADESCO S.A.',NULL,NULL,'004139-4',NULL,'lilog transportes','2023-09-22',1890.00,0,0.00,1890.00,63,'LANÇADO',0.00,NULL,NULL,NULL,NULL,NULL),(163,'237','BCO BRADESCO S.A.',NULL,NULL,'008150-7',NULL,'quatro aguia transportes','2023-10-02',1100.00,10,0.00,1100.00,63,'LANÇADO',0.00,NULL,NULL,NULL,NULL,NULL),(164,'341','ITAÚ UNIBANCO S.A.',NULL,NULL,'000166-0',NULL,'infinity logistica','0023-10-02',1600.00,-730475,0.00,1600.00,63,'LANÇADO',0.00,NULL,NULL,NULL,NULL,NULL),(165,'033','BCO SANTANDER (BRASIL) S.A.',NULL,NULL,'000114-7',NULL,'matheus de moura rodrigues','2023-10-02',500.00,10,0.00,500.00,63,'LANÇADO',0.00,NULL,NULL,NULL,NULL,NULL),(166,'237','BCO BRADESCO S.A.',NULL,NULL,'004807-0',NULL,'brasil express transportes','2023-10-02',1400.00,10,0.00,1400.00,63,'LANÇADO',0.00,NULL,NULL,NULL,NULL,NULL),(167,'341','ITAÚ UNIBANCO S.A.',NULL,NULL,'011703',NULL,'simone kapor ','2023-10-09',1241.10,17,0.00,1241.10,63,'LANÇADO',0.00,NULL,NULL,NULL,NULL,NULL),(168,'001','BCO DO BRASIL S.A.',NULL,NULL,'105495-3',NULL,'AUTO POSTO CUMBICA LTDA','2023-10-23',3530.10,31,0.00,3530.10,63,'LANÇADO',0.00,NULL,NULL,NULL,NULL,NULL),(169,'104','CAIXA ECONOMICA FEDERAL',NULL,NULL,'900162-0',NULL,'DAVISON NEVES FELIX','2023-10-26',4120.00,34,350.00,3770.00,64,'LANÇADO',0.00,NULL,NULL,NULL,NULL,NULL),(170,'104','CAIXA ECONOMICA FEDERAL',NULL,NULL,'900163-8',NULL,'DAVISON NEVES FELIX DE SA','2023-11-23',4120.00,62,638.60,3481.40,64,'LANÇADO',0.00,NULL,NULL,NULL,NULL,NULL),(171,'237','BCO BRADESCO S.A.',NULL,NULL,'000002-7',NULL,'DANILO ARAUJO PESSOA','2023-10-10',500.00,18,22.50,477.50,64,'LANÇADO',0.00,NULL,NULL,NULL,NULL,NULL),(172,'104','CAIXA ECONOMICA FEDERAL',NULL,NULL,'900415-7',NULL,'PALMEIRAS RODAS','2023-10-23',1130.00,31,87.58,1042.42,64,'LANÇADO',0.00,NULL,NULL,NULL,NULL,NULL),(173,'033','BCO SANTANDER (BRASIL) S.A.',NULL,NULL,'002697-2',NULL,'3 R & D ','2023-10-31',1113.00,39,108.52,1004.48,64,'LANÇADO',0.00,NULL,NULL,NULL,NULL,NULL),(174,'237','BCO BRADESCO S.A.',NULL,NULL,'000096-5',NULL,'ALLI RAMILLO SALLES FILHO','2023-11-06',1250.00,45,140.63,1109.37,64,'LANÇADO',0.00,NULL,NULL,NULL,NULL,NULL),(175,'033','BCO SANTANDER (BRASIL) S.A.',NULL,NULL,'000037-0',NULL,'MARCELO HENRIQUE R DE OLIVEIRA','2023-11-20',380.00,59,56.05,323.95,64,'LANÇADO',0.00,NULL,NULL,NULL,NULL,NULL),(176,'341','ITAÚ UNIBANCO S.A.',NULL,NULL,'000614-9',NULL,'JOAO PARAFUSOS','2023-10-31',754.48,39,73.56,680.92,64,'LANÇADO',0.00,NULL,NULL,NULL,NULL,NULL),(177,'341','ITAÚ UNIBANCO S.A.',NULL,NULL,'000633-5',NULL,'JOAO PARAFUSOS','2023-11-01',2292.26,40,229.23,2063.03,64,'LANÇADO',0.00,NULL,NULL,NULL,NULL,NULL),(178,'341','ITAÚ UNIBANCO S.A.',NULL,NULL,'002305-1',NULL,'IND C A A J T L EPP','2023-09-27',900.00,5,0.00,900.00,65,'LANÇADO',0.00,NULL,NULL,NULL,NULL,NULL),(179,'341','ITAÚ UNIBANCO S.A.',NULL,NULL,'000182-1',NULL,'JOSE PAULO NUNES DA SILVA','2023-10-11',4340.00,19,164.92,4175.08,66,'LANÇADO',0.00,NULL,NULL,NULL,NULL,NULL),(180,'237','BCO BRADESCO S.A.',NULL,NULL,'120011-9',NULL,'EXPRESSO BENFICA','2023-09-25',1440.00,3,50.40,1389.60,66,'LANÇADO',0.00,NULL,NULL,NULL,NULL,NULL),(181,'237','BCO BRADESCO S.A.',NULL,NULL,'120010-0',NULL,'EXPRESSO BENFICA','2023-09-25',2900.00,3,101.50,2798.50,66,'LANÇADO',0.00,NULL,NULL,NULL,NULL,NULL),(182,'033','BCO SANTANDER (BRASIL) S.A.',NULL,NULL,'000011-6',NULL,'adriano augusto pereira','2023-10-25',1450.00,33,11100.00,-9650.00,67,'LANÇADO',0.00,NULL,NULL,NULL,NULL,NULL),(183,'033','BCO SANTANDER (BRASIL) S.A.',NULL,NULL,'000012-4',NULL,'adriano augusto pereira','2023-11-27',1450.00,66,0.00,1450.00,67,'LANÇADO',0.00,NULL,NULL,NULL,NULL,NULL),(184,'033','BCO SANTANDER (BRASIL) S.A.',NULL,NULL,'000013-2',NULL,'adriano augusto pereira','2023-12-26',1450.00,95,0.00,1450.00,67,'LANÇADO',0.00,NULL,NULL,NULL,NULL,NULL),(185,'033','BCO SANTANDER (BRASIL) S.A.',NULL,NULL,'000014-0',NULL,'adriano augusto pereira','2024-01-25',1450.00,125,0.00,1450.00,67,'LANÇADO',0.00,NULL,NULL,NULL,NULL,NULL),(186,'033','BCO SANTANDER (BRASIL) S.A.',NULL,NULL,'000015-9',NULL,'adriano augusto pereira','2024-02-26',1450.00,157,0.00,1450.00,67,'LANÇADO',0.00,NULL,NULL,NULL,NULL,NULL),(187,'033','BCO SANTANDER (BRASIL) S.A.',NULL,NULL,'000016-7',NULL,'adriano augusto pereira','2024-03-25',1450.00,185,0.00,1450.00,67,'LANÇADO',0.00,NULL,NULL,NULL,NULL,NULL),(188,'033','BCO SANTANDER (BRASIL) S.A.',NULL,NULL,'000017-5',NULL,'adriano augusto pereira','2024-04-25',1450.00,216,0.00,1450.00,67,'LANÇADO',0.00,NULL,NULL,NULL,NULL,NULL),(189,'033','BCO SANTANDER (BRASIL) S.A.',NULL,NULL,'000018-3',NULL,'adriano augusto pereira','2024-05-27',1450.00,248,0.00,1450.00,67,'LANÇADO',0.00,NULL,NULL,NULL,NULL,NULL),(190,'033','BCO SANTANDER (BRASIL) S.A.',NULL,NULL,'000019-1',NULL,'adriano augusto pereira','2024-06-25',1450.00,277,0.00,1450.00,67,'LANÇADO',0.00,NULL,NULL,NULL,NULL,NULL),(191,'033','BCO SANTANDER (BRASIL) S.A.',NULL,NULL,'000020-5',NULL,'adriano augusto pereira','2024-07-25',1450.00,307,0.00,1450.00,67,'LANÇADO',0.00,NULL,NULL,NULL,NULL,NULL),(192,'033','BCO SANTANDER (BRASIL) S.A.',NULL,NULL,'000010-8',NULL,'adriano augusto pereira','2024-08-26',11600.00,339,0.00,11600.00,67,'LANÇADO',0.00,NULL,NULL,NULL,NULL,NULL),(194,'033','BCO SANTANDER (BRASIL) S.A.',NULL,NULL,'000010-8',NULL,'WAGNBER ALVES PEREIRA','2023-09-25',22000.00,3,128.70,21871.30,69,'LANÇADO',0.00,NULL,NULL,NULL,NULL,NULL),(195,'033','BCO SANTANDER (BRASIL) S.A.',NULL,NULL,'000011-6',NULL,'WAGNER ALVES PEREIRA','2023-10-25',22000.00,33,823.68,21176.32,69,'LANÇADO',0.00,NULL,NULL,NULL,NULL,NULL),(196,'1','BCO DO BRASIL S.A.',NULL,NULL,'1',NULL,'RODRIGO','2023-10-20',61800.00,28,1800.00,60000.00,70,'LANÇADO',0.00,NULL,NULL,NULL,NULL,NULL),(197,'001','BCO DO BRASIL S.A.',NULL,NULL,'850302-8',NULL,'DOMINGAS','2023-10-20',3210.00,28,96.30,3113.70,70,'LANÇADO',0.00,NULL,NULL,NULL,NULL,NULL),(198,'001','BCO DO BRASIL S.A.',NULL,NULL,'850103-3',NULL,'KELMA','2023-10-20',1605.00,28,48.15,1556.85,70,'LANÇADO',0.00,NULL,NULL,NULL,NULL,NULL),(199,'104','CAIXA ECONOMICA FEDERAL',NULL,NULL,'000001-9',NULL,'CLODOALDO MIRANDA MAIA','2023-10-20',30000.00,28,900.00,29100.00,70,'LANÇADO',0.00,NULL,NULL,NULL,NULL,NULL),(200,'001','BCO DO BRASIL S.A.',NULL,NULL,'850933-6',NULL,'ANTONIO GOMES','2023-10-20',2052.00,28,61.56,1990.44,70,'LANÇADO',0.00,NULL,NULL,NULL,NULL,NULL),(201,'001','BCO DO BRASIL S.A.',NULL,NULL,'850165-3',NULL,'LENOIR','2023-10-23',15000.00,31,450.00,14550.00,70,'LANÇADO',0.00,NULL,NULL,NULL,NULL,NULL),(202,'104','CAIXA ECONOMICA FEDERAL',NULL,NULL,'900517-0',NULL,'JOSE RAIMUNDO DOS SANTOS','2023-10-23',3000.00,31,186.00,2814.00,71,'LANÇADO',0.00,NULL,NULL,NULL,NULL,NULL),(203,'033','BCO SANTANDER (BRASIL) S.A.',NULL,NULL,'000714-5',NULL,'JOAO DIAS ATAIDE FILHO - COD 944','2023-10-23',2500.00,31,193.75,2306.25,72,'LANÇADO',0.00,NULL,NULL,NULL,NULL,NULL),(204,'1','BCO DO BRASIL S.A.',NULL,NULL,'1441',NULL,'HP INDUSTRIA','2023-10-25',5001.38,33,175.05,4819.33,73,'LANÇADO',7.00,NULL,NULL,NULL,NULL,NULL),(205,'001','BCO DO BRASIL S.A.',NULL,NULL,'1440',NULL,'HP INDUSTRIA','2023-10-20',4567.57,28,159.86,4400.71,73,'LANÇADO',7.00,NULL,NULL,NULL,NULL,NULL),(206,'033','BCO SANTANDER (BRASIL) S.A.',NULL,NULL,'000238-0',NULL,'ARNALDO LUCIO DA COSTA','2023-10-05',4000.00,13,140.00,3860.00,62,'LANÇADO',0.00,NULL,NULL,NULL,NULL,NULL),(207,'237','BCO BRADESCO S.A.',NULL,NULL,'003728-1',NULL,'rm transportes','2023-10-03',900.00,10,0.00,900.00,74,'LANÇADO',0.00,NULL,NULL,NULL,NULL,NULL),(208,'237','BCO BRADESCO S.A.',NULL,NULL,'004140-8',NULL,'lilog transportes rodoaereo','2023-09-25',4495.64,2,0.00,4495.64,74,'LANÇADO',0.00,NULL,NULL,NULL,NULL,NULL),(209,'001','BCO DO BRASIL S.A.',NULL,NULL,'853031-9',NULL,'alcione melo e cia','2023-09-25',1412.34,2,0.00,1412.34,74,'LANÇADO',0.00,NULL,NULL,NULL,NULL,NULL),(210,'001','BCO DO BRASIL S.A.',NULL,NULL,'850421-0',NULL,'bia br transportes','2023-09-25',750.00,2,0.00,750.00,75,'LANÇADO',0.00,NULL,NULL,NULL,NULL,NULL),(211,'237','BCO BRADESCO S.A.',NULL,NULL,'004808-9',NULL,'brasil express transp','2023-10-02',1400.00,9,0.00,1400.00,75,'LANÇADO',0.00,NULL,NULL,NULL,NULL,NULL),(212,'341','ITAÚ UNIBANCO S.A.',NULL,NULL,'001467-2',NULL,'zaira transportes','2023-10-09',2300.00,16,0.00,2300.00,75,'LANÇADO',0.00,NULL,NULL,NULL,NULL,NULL),(213,'1','BCO DO BRASIL S.A.',NULL,NULL,'1',NULL,'m de a silva','2023-10-20',5000.00,27,270.00,4718.00,76,NULL,12.00,NULL,NULL,NULL,NULL,NULL),(214,'1','BCO DO BRASIL S.A.',NULL,NULL,'2',NULL,'m de a silva','2023-11-20',5000.00,58,580.00,4408.00,76,NULL,12.00,NULL,NULL,NULL,NULL,NULL),(215,'1','BCO DO BRASIL S.A.',NULL,NULL,'3',NULL,'m de a silva','2023-12-20',5000.00,88,880.00,4108.00,76,NULL,12.00,NULL,NULL,NULL,NULL,NULL),(216,'237','BCO BRADESCO S.A.',NULL,NULL,'004658-2',NULL,'luiz carlos ferreira da conceiçao','2023-09-25',1129.00,2,0.00,1129.00,77,'LANÇADO',0.00,NULL,NULL,NULL,NULL,NULL),(217,'033','BCO SANTANDER (BRASIL) S.A.',NULL,NULL,'000107-4',NULL,'eco renascer g rep','2023-10-02',3960.00,9,0.00,3960.00,77,'LANÇADO',0.00,NULL,NULL,NULL,NULL,NULL),(218,'756','BANCO SICOOB S.A.',NULL,NULL,'000177-5',NULL,'loma ambiental industria','2023-10-19',8166.00,26,0.00,8166.00,77,'LANÇADO',0.00,NULL,NULL,NULL,NULL,NULL),(219,'756','BANCO SICOOB S.A.',NULL,NULL,'000179-1',NULL,'loma ambiental industria','2023-11-07',8354.00,45,0.00,8354.00,77,'LANÇADO',0.00,NULL,NULL,NULL,NULL,NULL),(220,'756','BANCO SICOOB S.A.',NULL,NULL,'000180-5',NULL,'loma ambiental industria','2023-11-14',8435.52,52,0.00,8435.52,77,'LANÇADO',0.00,NULL,NULL,NULL,NULL,NULL),(221,'756','BANCO SICOOB S.A.',NULL,NULL,'000181-3',NULL,'loma ambiental industria','2023-11-21',8492.00,59,0.00,8492.00,77,'LANÇADO',0.00,NULL,NULL,NULL,NULL,NULL),(222,'033','BCO SANTANDER (BRASIL) S.A.',NULL,NULL,'000020-5',NULL,'rui silva moreira','2023-10-23',3300.00,28,250.00,3050.00,78,'LANÇADO',0.00,NULL,NULL,NULL,NULL,NULL),(223,'237','BCO BRADESCO S.A.',NULL,NULL,'004362-1',NULL,'CALIGORNIA COM DE MOTOPECAS','2023-09-25',2993.18,0,104.76,2888.42,79,'LANÇADO',0.00,NULL,NULL,NULL,NULL,NULL),(224,'237','BCO BRADESCO S.A.',NULL,NULL,'000130-9',NULL,'HENRIQUE LUIZ DINIZ','2023-09-25',4656.50,0,162.98,4493.52,79,'LANÇADO',0.00,NULL,NULL,NULL,NULL,NULL),(226,'1','BCO DO BRASIL S.A.',NULL,NULL,'1',NULL,'WELIVAN GONÇALVES DA SILVA PEREIRA','2023-10-20',600.00,25,40.00,560.00,81,'LANÇADO',0.00,NULL,NULL,NULL,NULL,NULL),(227,'341','ITAÚ UNIBANCO S.A.',NULL,NULL,'000008-6',NULL,'RAFAEL CORREIA DA SILVA','2023-10-03',1660.00,8,60.00,1600.00,82,'LANÇADO',0.00,NULL,NULL,NULL,NULL,NULL),(228,'237','BCO BRADESCO S.A.',NULL,NULL,'000004-3',NULL,'ISABEL - KIKO PNEUS','2023-10-25',1700.00,30,200.00,1500.00,83,'LANÇADO',0.00,NULL,NULL,NULL,NULL,NULL),(229,'341','ITAÚ UNIBANCO S.A.',NULL,NULL,'000284-4',NULL,'JONAS VIEIRA','2023-10-23',7700.00,28,431.20,7268.80,84,'LANÇADO',0.00,NULL,NULL,NULL,NULL,NULL),(230,'001','BCO DO BRASIL S.A.',NULL,NULL,'850249-8',NULL,'EXPO HOTELARIA','2023-10-23',190300.00,28,7612.00,182688.00,85,'LANÇADO',0.00,NULL,NULL,NULL,NULL,NULL),(231,'748','BCO COOPERATIVO SICREDI S.A.',NULL,NULL,'000049-3',NULL,'FRANCISCO JANES DEAN GOMES','2023-10-09',3700.00,14,130.00,3570.00,86,'LANÇADO',0.00,NULL,NULL,NULL,NULL,NULL),(232,'341','ITAÚ UNIBANCO S.A.',NULL,NULL,'104741-8',NULL,'MARIA DOROTEIA L N SCRAMIN','2023-10-25',12319.08,30,416.58,11902.50,87,'LANÇADO',0.00,NULL,NULL,NULL,NULL,NULL),(233,'237','BCO BRADESCO S.A.',NULL,NULL,'000338-7',NULL,'maurilio ribeiro junior','2023-10-25',38880.00,30,2916.00,35964.00,88,'LANÇADO',0.00,NULL,NULL,NULL,NULL,NULL),(234,'001','BCO DO BRASIL S.A.',NULL,NULL,'850017-7',NULL,'ADEGA BAR LTDA','2023-10-25',1100.00,30,100.00,1000.00,89,'LANÇADO',0.00,NULL,NULL,NULL,NULL,NULL),(235,'237','BCO BRADESCO S.A.',NULL,NULL,'000601-7',NULL,'JOSE KENNEDY CANUTO - COND 1321','2023-10-25',3850.00,30,350.00,3500.00,90,'LANÇADO',0.00,NULL,NULL,NULL,NULL,NULL),(236,'341','ITAÚ UNIBANCO S.A.',NULL,NULL,'101434-0',NULL,'RODNEY RIBEIRO','2023-10-16',11000.00,21,825.00,10175.00,91,'LANÇADO',0.00,NULL,NULL,NULL,NULL,NULL),(237,'341','ITAÚ UNIBANCO S.A.',NULL,NULL,'000110-4',NULL,'KLEITON CERQUEIRA ALVES','2023-10-25',2243.00,30,486.00,1757.00,92,'LANÇADO',0.00,NULL,NULL,NULL,NULL,NULL),(238,'341','ITAÚ UNIBANCO S.A.',NULL,NULL,'000011-6',NULL,'KLEITON CERQUEIRA ALVES','2023-11-27',2243.00,63,0.00,2243.00,92,'LANÇADO',0.00,NULL,NULL,NULL,NULL,NULL),(239,'237','BCO BRADESCO S.A.',NULL,NULL,'003599',NULL,'t m martins barbosa','2023-09-26',850.00,0,0.00,850.00,93,'LANÇADO',0.00,NULL,NULL,NULL,NULL,NULL),(240,'033','BCO SANTANDER (BRASIL) S.A.',NULL,NULL,'006973-6',NULL,'log 7 e tecnologia','2023-09-26',4500.00,0,0.00,4500.00,93,'LANÇADO',0.00,NULL,NULL,NULL,NULL,NULL),(241,'237','BCO BRADESCO S.A.',NULL,NULL,'015166-1',NULL,'trans apucaranatransportes','2023-09-26',2400.00,0,0.00,2400.00,93,'LANÇADO',0.00,NULL,NULL,NULL,NULL,NULL),(242,'341','ITAÚ UNIBANCO S.A.',NULL,NULL,'000005-1',NULL,'regiane sales','2023-09-26',1300.00,0,0.00,1300.00,93,'LANÇADO',0.00,NULL,NULL,NULL,NULL,NULL),(243,'341','ITAÚ UNIBANCO S.A.',NULL,NULL,'000006-0',NULL,'regiane sales','2023-09-26',1300.00,0,0.00,1300.00,93,'LANÇADO',0.00,NULL,NULL,NULL,NULL,NULL),(244,'756','BANCO SICOOB S.A.',NULL,NULL,'001341',NULL,'antonio carlos cunha','2023-10-09',4840.00,13,0.00,4840.00,93,'LANÇADO',0.00,NULL,NULL,NULL,NULL,NULL),(245,'001','BCO DO BRASIL S.A.',NULL,NULL,'105515-1',NULL,'scot center lar','2023-10-26',3505.50,30,0.00,3505.50,93,'LANÇADO',0.00,NULL,NULL,NULL,NULL,NULL),(246,'033','BCO SANTANDER (BRASIL) S.A.',NULL,NULL,'007724-0',NULL,'mls tran de cargas','2023-09-26',200.00,0,0.00,200.00,94,NULL,0.00,NULL,NULL,NULL,NULL,NULL),(247,'237','BCO BRADESCO S.A.',NULL,NULL,'001134-7',NULL,'silva lamberiti transportes','2023-10-11',3463.72,15,0.00,3463.72,94,NULL,0.00,NULL,NULL,NULL,NULL,NULL),(248,'237','BCO BRADESCO S.A.',NULL,NULL,'048826-5',NULL,'AUTO POSTO E SERVIÇOS NOSSA GENTE LTDA','2023-10-23',4110.79,27,0.00,4110.79,94,NULL,0.00,NULL,NULL,NULL,NULL,NULL),(249,'237','BCO BRADESCO S.A.',NULL,NULL,'048263',NULL,'transportes brusville','2023-10-25',3900.00,29,0.00,3900.00,94,NULL,0.00,NULL,NULL,NULL,NULL,NULL),(250,'237','BCO BRADESCO S.A.',NULL,NULL,'048264-1',NULL,'transportes brusville','2023-10-30',3800.00,34,0.00,3800.00,94,NULL,0.00,NULL,NULL,NULL,NULL,NULL),(251,'237','BCO BRADESCO S.A.',NULL,NULL,'048265-0',NULL,'transportes brusville','2023-10-31',3300.00,35,0.00,3300.00,94,NULL,0.00,NULL,NULL,NULL,NULL,NULL),(252,'237','BCO BRADESCO S.A.',NULL,NULL,'004810-0',NULL,'brasil express','2023-10-05',1400.00,9,0.00,1400.00,95,'LANÇADO',0.00,NULL,NULL,NULL,NULL,NULL),(253,'237','BCO BRADESCO S.A.',NULL,NULL,'008155-8',NULL,'quatro aguias transportes','2023-10-05',1100.00,9,0.00,1100.00,95,'LANÇADO',0.00,NULL,NULL,NULL,NULL,NULL),(254,'237','BCO BRADESCO S.A.',NULL,NULL,'002791-0',NULL,'transportes soares do rio','2023-10-09',4200.00,13,0.00,4200.00,95,'LANÇADO',0.00,NULL,NULL,NULL,NULL,NULL),(255,'341','ITAÚ UNIBANCO S.A.',NULL,NULL,'011708-0',NULL,'simone kapor','2023-10-09',1995.90,13,0.00,1995.90,95,'LANÇADO',0.00,NULL,NULL,NULL,NULL,NULL),(256,'341','ITAÚ UNIBANCO S.A.',NULL,NULL,'000004-3',NULL,'c a comercio de marmores','2023-10-10',800.00,14,0.00,800.00,95,'LANÇADO',0.00,NULL,NULL,NULL,NULL,NULL),(257,'033','BCO SANTANDER (BRASIL) S.A.',NULL,NULL,'000115-5',NULL,'jf cargo','2023-10-11',3739.35,15,0.00,3739.35,95,'LANÇADO',0.00,NULL,NULL,NULL,NULL,NULL),(258,'748','BCO COOPERATIVO SICREDI S.A.',NULL,NULL,'000019-1',NULL,'marmoraria abrantes','2023-10-13',1380.00,17,0.00,1380.00,95,'LANÇADO',0.00,NULL,NULL,NULL,NULL,NULL),(259,'756','BANCO SICOOB S.A.',NULL,NULL,'000038-8',NULL,'barbosa e ramos transportes','2023-10-16',1900.00,20,0.00,1900.00,95,'LANÇADO',0.00,NULL,NULL,NULL,NULL,NULL),(260,'756','BANCO SICOOB S.A.',NULL,NULL,'000037-0',NULL,'barbosa e ramos transportes','2023-10-16',2200.00,20,0.00,2200.00,95,'LANÇADO',0.00,NULL,NULL,NULL,NULL,NULL),(261,'001','BCO DO BRASIL S.A.',NULL,NULL,'105516-0',NULL,'scot center lar','2023-10-25',3497.50,29,0.00,3497.50,95,'LANÇADO',0.00,NULL,NULL,NULL,NULL,NULL),(262,'237','BCO BRADESCO S.A.',NULL,NULL,'017445-9',NULL,'joao ferreira de lacerda','2023-10-25',1050.00,29,0.00,1050.00,95,'LANÇADO',0.00,NULL,NULL,NULL,NULL,NULL),(263,'341','ITAÚ UNIBANCO S.A.',NULL,NULL,'003283-2',NULL,'agil transportes','2023-09-26',200.00,0,0.00,200.00,96,'LANÇADO',0.00,NULL,NULL,NULL,NULL,NULL),(264,'341','ITAÚ UNIBANCO S.A.',NULL,NULL,'003279-4',NULL,'agil transportes','2023-09-26',150.00,0,0.00,150.00,96,'LANÇADO',0.00,NULL,NULL,NULL,NULL,NULL),(265,'341','ITAÚ UNIBANCO S.A.',NULL,NULL,'003277-8',NULL,'agiltransportes','2023-09-26',330.00,0,0.00,330.00,96,'LANÇADO',0.00,NULL,NULL,NULL,NULL,NULL),(266,'341','ITAÚ UNIBANCO S.A.',NULL,NULL,'000030-2',NULL,'alfredo malerba','2023-10-02',389.03,6,0.00,389.03,97,'LANÇADO',0.00,NULL,NULL,NULL,NULL,NULL),(267,'033','BCO SANTANDER (BRASIL) S.A.',NULL,NULL,'000150-3',NULL,'JUNIOR SALES RODRIGUES','2023-10-26',5450.00,30,327.00,5123.00,98,'LANÇADO',0.00,NULL,NULL,NULL,NULL,NULL),(268,'1','BCO DO BRASIL S.A.',NULL,NULL,'1',NULL,'leonildo geraldo (dunga) 484','2023-09-26',0.00,0,444.40,-444.40,99,'LANÇADO',0.00,NULL,NULL,NULL,NULL,NULL),(269,'104','CAIXA ECONOMICA FEDERAL',NULL,NULL,'900149-2',NULL,'THOMAS NASCIMENTO','2023-10-26',11180.00,30,670.80,10509.20,100,'LANÇADO',0.00,NULL,NULL,NULL,NULL,NULL),(270,'033','BCO SANTANDER (BRASIL) S.A.',NULL,NULL,'000087-6',NULL,'SILVANA G DOS SANTOS GROTA','2023-10-26',23690.00,30,710.00,22980.00,101,'LANÇADO',0.00,NULL,NULL,NULL,NULL,NULL),(271,'1','BCO DO BRASIL S.A.',NULL,NULL,'1',NULL,'JCTS TRANSPORTES EIRELI','2023-10-25',107044.64,29,3619.87,103424.77,102,'LANÇADO',0.00,NULL,NULL,NULL,NULL,NULL),(272,'1','1',NULL,NULL,'1',NULL,'HEMERSON','2023-10-25',19251.00,29,651.00,18600.00,103,'LANÇADO',0.00,NULL,NULL,NULL,NULL,NULL),(273,'1','BCO DO BRASIL S.A.',NULL,NULL,'594910-0',NULL,'ANAMARIA IND E COM','2023-10-11',200.00,15,7.50,180.50,104,'LANÇADO',12.00,NULL,NULL,NULL,NULL,NULL),(274,'1','BCO DO BRASIL S.A.',NULL,NULL,'594880-0',NULL,'M A F OLIVEIRA ALUMINIOS','2023-10-11',150.00,15,5.63,132.37,104,'LANÇADO',12.00,NULL,NULL,NULL,NULL,NULL),(275,'1','BCO DO BRASIL S.A.',NULL,NULL,'594890-0',NULL,'DRYPOL AMBIPAR','2023-10-11',2750.00,15,103.13,2634.87,104,'LANÇADO',12.00,NULL,NULL,NULL,NULL,NULL),(276,'1','BCO DO BRASIL S.A.',NULL,NULL,'594900-0',NULL,'MERANO DIST','2023-10-11',2409.31,15,90.35,2306.96,104,'LANÇADO',12.00,NULL,NULL,NULL,NULL,NULL),(277,'1','1',NULL,NULL,'3',NULL,'JOAO DE SIQUEIRA AMORIM - COD 987','2023-10-06',1140.00,10,40.00,1100.00,105,'LANÇADO',0.00,NULL,NULL,NULL,NULL,NULL),(278,'1','BCO DO BRASIL S.A.',NULL,NULL,'1',NULL,'EDUARDO DE SOUZA - MOT AGUIA SALES','2023-10-05',660.00,9,60.00,600.00,106,'LANÇADO',0.00,NULL,NULL,NULL,NULL,NULL),(279,'104','CAIXA ECONOMICA FEDERAL',NULL,NULL,'900168-9',NULL,'DAVISON NEVES FELIX DE SA','2023-11-27',3200.00,62,504.00,2696.00,107,NULL,0.00,NULL,NULL,NULL,NULL,NULL),(280,'341','ITAÚ UNIBANCO S.A.',NULL,NULL,'000130-9',NULL,'MODESTO DAS NEVES NORTE','2023-10-30',2600.00,34,227.50,2372.50,107,NULL,0.00,NULL,NULL,NULL,NULL,NULL),(281,'341','ITAÚ UNIBANCO S.A.',NULL,NULL,'000128-7',NULL,'MODESTO DAS NEVES NORTE','2023-11-27',2600.00,62,409.50,2190.50,107,NULL,0.00,NULL,NULL,NULL,NULL,NULL),(282,'104','CAIXA ECONOMICA FEDERAL',NULL,NULL,'900167-0',NULL,'DAVISON NVES FELIX DE SA','2023-10-25',3200.00,29,227.50,2972.50,107,NULL,0.00,NULL,NULL,NULL,NULL,NULL),(283,'1','BCO DO BRASIL S.A.',NULL,NULL,'1',NULL,'valdemir marques de santana','2023-09-26',0.00,0,12.50,-12.50,107,'LANÇADO',0.00,NULL,NULL,NULL,NULL,NULL),(284,'341','ITAÚ UNIBANCO S.A.',NULL,NULL,'000138-4',NULL,'KAOA PLAST','2023-10-13',3276.00,17,146.00,3130.00,108,'LANÇADO',0.00,NULL,NULL,NULL,NULL,NULL),(285,'1','1',NULL,NULL,'1',NULL,'ANGELO GUILHERME MOREIRA - FILHO DO GODO','2023-10-27',1050.00,31,50.00,1000.00,109,'LANÇADO',0.00,NULL,NULL,NULL,NULL,NULL),(286,'1','BCO DO BRASIL S.A.',NULL,NULL,'1',NULL,'JOSE FERNANDES DA FONSECA - LOURA','2023-10-13',320.00,17,20.00,300.00,110,'LANÇADO',0.00,NULL,NULL,NULL,NULL,NULL),(287,'1','1',NULL,NULL,'1',NULL,'MARIA DACY - PAULINHO','2023-11-01',175652.07,36,1591.33,174060.74,111,'LANÇADO',0.00,NULL,NULL,NULL,NULL,NULL),(288,'1','1',NULL,NULL,'1',NULL,'JURACI GONCALVES DE SOUZA','2023-09-26',0.00,0,10.00,-10.00,112,'LANÇADO',0.00,NULL,NULL,NULL,NULL,NULL),(289,'341','ITAÚ UNIBANCO S.A.',NULL,NULL,'000438-3',NULL,'SILVIO CESAR MACHADO','2023-10-31',2200.00,35,200.00,2000.00,113,'LANÇADO',0.00,NULL,NULL,NULL,NULL,NULL),(290,'237','BCO BRADESCO S.A.',NULL,NULL,'000374-3',NULL,'nova epiko s. bike industria','2023-10-26',1561.00,29,120.73,1440.27,114,'LANÇADO',0.00,NULL,NULL,NULL,NULL,NULL),(291,'237','BCO BRADESCO S.A.',NULL,NULL,'000375-1',NULL,'nova epiko s bike industria','2023-11-10',1561.00,44,183.18,1377.82,114,'LANÇADO',0.00,NULL,NULL,NULL,NULL,NULL),(292,'237','BCO BRADESCO S.A.',NULL,NULL,'000376-0',NULL,'nova epiko s bike industria','2023-11-27',1561.00,61,253.95,1307.05,114,'LANÇADO',0.00,NULL,NULL,NULL,NULL,NULL),(293,'001','BCO DO BRASIL S.A.',NULL,NULL,'850028-2',NULL,'jeferson pereira de souza','2023-10-31',1500.00,34,136.02,1363.98,114,'LANÇADO',0.00,NULL,NULL,NULL,NULL,NULL),(294,'001','BCO DO BRASIL S.A.',NULL,NULL,'850429',NULL,'bia br transportes','2023-09-27',750.00,0,0.00,750.00,115,'LANÇADO',0.00,NULL,NULL,NULL,NULL,NULL),(295,'033','BCO SANTANDER (BRASIL) S.A.',NULL,NULL,'552939-5',NULL,'tegma gestao logistica','2023-09-27',2000.00,0,0.00,2000.00,115,'LANÇADO',0.00,NULL,NULL,NULL,NULL,NULL),(296,'341','ITAÚ UNIBANCO S.A.',NULL,NULL,'000341-7',NULL,'fred marmoraria','2023-09-27',1805.50,0,0.00,1805.50,115,'LANÇADO',0.00,NULL,NULL,NULL,NULL,NULL),(297,'237','BCO BRADESCO S.A.',NULL,NULL,'013344-2',NULL,'gold milenio transportes','2023-10-02',2400.00,5,0.00,2400.00,115,'LANÇADO',0.00,NULL,NULL,NULL,NULL,NULL),(298,'237','BCO BRADESCO S.A.',NULL,NULL,'009978-3',NULL,'AUTO POSTO CUMBICA LTDA','2023-10-03',682.28,6,0.00,682.28,115,'LANÇADO',0.00,NULL,NULL,NULL,NULL,NULL),(299,'237','BCO BRADESCO S.A.',NULL,NULL,'004814-3',NULL,'brasil express transp','2023-10-06',1400.00,9,0.00,1400.00,115,'LANÇADO',0.00,NULL,NULL,NULL,NULL,NULL),(300,'237','BCO BRADESCO S.A.',NULL,NULL,'002792-8',NULL,'transportes soares do rio','2023-10-10',2100.00,13,0.00,2100.00,115,'LANÇADO',0.00,NULL,NULL,NULL,NULL,NULL),(301,'341','ITAÚ UNIBANCO S.A.',NULL,NULL,'011710-2',NULL,'simone kapor','2023-10-13',1241.10,16,0.00,1241.10,115,'LANÇADO',0.00,NULL,NULL,NULL,NULL,NULL),(302,'001','BCO DO BRASIL S.A.',NULL,NULL,'105499',NULL,'scot center lar','2023-10-26',3480.90,29,0.00,3480.90,115,'LANÇADO',0.00,NULL,NULL,NULL,NULL,NULL),(303,'033','BCO SANTANDER (BRASIL) S.A.',NULL,NULL,'000962-8',NULL,'RBR AUTO CENTER','2023-10-13',6450.00,16,193.50,6256.50,116,'LANÇADO',0.00,NULL,NULL,NULL,NULL,NULL),(304,'237','BCO BRADESCO S.A.',NULL,NULL,'000011-6',NULL,'LULEYMAN JULIO MARTINS','2023-09-29',15550.00,2,0.00,15550.00,117,'LANÇADO',0.00,NULL,NULL,NULL,NULL,NULL),(305,'237','BCO BRADESCO S.A.',NULL,NULL,'000150-3',NULL,'RAIMUNDO SANTANA DE MELO - COD 308 ','2023-10-27',1200.00,30,120.00,1080.00,118,'LANÇADO',0.00,NULL,NULL,NULL,NULL,NULL),(306,'104','CAIXA ECONOMICA FEDERAL',NULL,NULL,'900091-7',NULL,'ELLUS IMOVEIS - IZAIAS COD 1055','2023-10-27',21200.00,30,1200.00,20000.00,119,'LANÇADO',0.00,NULL,NULL,NULL,NULL,NULL),(307,'341','ITAÚ UNIBANCO S.A.',NULL,NULL,'000023-0',NULL,'DJS ESTAMPARIA - COD 1045','2023-10-27',28000.00,30,2100.00,25900.00,120,'LANÇADO',0.00,NULL,NULL,NULL,NULL,NULL),(308,'341','ITAÚ UNIBANCO S.A.',NULL,NULL,'000081-7',NULL,'KLEITON CERQUEIRA ALVES','2023-10-27',5600.00,30,440.00,5160.00,121,'LANÇADO',0.00,NULL,NULL,NULL,NULL,NULL),(309,'1','BCO DO BRASIL S.A.',NULL,NULL,'000000-1',NULL,'RODOMILLI - ATAIDE - COD 556','2023-10-11',168003.00,14,3003.00,165000.00,122,'LANÇADO',0.00,NULL,NULL,NULL,NULL,NULL),(310,'237','BCO BRADESCO S.A.',NULL,NULL,'000073-6',NULL,'DISTRIBUIDORA DE GAS SALES (DANIEL)','2023-10-10',3500.00,13,45.50,3454.50,123,'LANÇADO',0.00,NULL,NULL,NULL,NULL,NULL),(311,'237','BCO BRADESCO S.A.',NULL,NULL,'000106',NULL,'DISTRIBUIDORA DE GAS SALES (DANIEL)','2023-10-27',24850.00,30,745.50,24104.50,123,'LANÇADO',0.00,NULL,NULL,NULL,NULL,NULL),(312,'104','CAIXA ECONOMICA FEDERAL',NULL,NULL,'902319-4',NULL,'deposito j almeida','2023-11-07',4000.00,40,0.00,4000.00,124,'LANÇADO',0.00,NULL,NULL,NULL,NULL,NULL),(313,'021','BCO BANESTES S.A.',NULL,NULL,'012753-1',NULL,'posto caju','2023-09-28',300.00,0,0.00,300.00,125,'LANÇADO',0.00,NULL,NULL,NULL,NULL,NULL),(314,'021','BCO BANESTES S.A.',NULL,NULL,'012752-3',NULL,'posto caju','2023-09-28',300.00,0,0.00,300.00,125,'LANÇADO',0.00,NULL,NULL,NULL,NULL,NULL),(315,'341','ITAÚ UNIBANCO S.A.',NULL,NULL,'001317-0',NULL,'math montagem','2023-10-09',600.00,11,0.00,600.00,125,'LANÇADO',0.00,NULL,NULL,NULL,NULL,NULL),(316,'237','BCO BRADESCO S.A.',NULL,NULL,'002653',NULL,'transporte kafeny','2023-10-06',1300.00,8,0.00,1300.00,125,'LANÇADO',0.00,NULL,NULL,NULL,NULL,NULL),(317,'341','ITAÚ UNIBANCO S.A.',NULL,NULL,'000342-5',NULL,'rm gold marmoraria','2023-10-09',819.00,11,0.00,819.00,125,'LANÇADO',0.00,NULL,NULL,NULL,NULL,NULL),(318,'341','ITAÚ UNIBANCO S.A.',NULL,NULL,'000281-0',NULL,'telma m rodrigues de sousa','2023-10-09',1430.15,11,0.00,1430.15,125,'LANÇADO',0.00,NULL,NULL,NULL,NULL,NULL),(319,'237','BCO BRADESCO S.A.',NULL,NULL,'017447-5',NULL,'joao ferreira de lacerda marmore','2023-10-27',638.00,29,0.00,638.00,126,'LANÇADO',0.00,NULL,NULL,NULL,NULL,NULL),(320,'033','BCO SANTANDER (BRASIL) S.A.',NULL,NULL,'008646-0',NULL,'transprocargo','2023-09-28',1261.22,0,0.00,1261.22,127,'LANÇADO',0.00,NULL,NULL,NULL,NULL,NULL),(321,'756','BANCO SICOOB S.A.',NULL,NULL,'001344-7',NULL,'antonio carlos cunha de souza','2023-10-13',4109.00,15,0.00,4109.00,128,'LANÇADO',0.00,NULL,NULL,NULL,NULL,NULL),(322,'np','NOTA PROMISSÓRIA',NULL,NULL,'1/1',NULL,'vanderlan melo de souza','2023-10-13',31500.00,15,1500.00,30000.00,129,NULL,0.00,NULL,NULL,NULL,NULL,NULL),(323,'NP','NOTA PROMISSÓRIA',NULL,NULL,'1',NULL,'MARCELO ALVES NERY','2023-10-27',3700.96,29,290.00,3410.96,130,'LANÇADO',0.00,NULL,NULL,NULL,NULL,NULL),(324,'NP','NOTA PROMISSÓRIA',NULL,NULL,'11/18',NULL,'MARCELO ALVES NERY','2023-10-10',1850.00,12,50.00,1800.00,131,'LANÇADO',0.00,NULL,NULL,NULL,NULL,NULL),(325,'341','ITAÚ UNIBANCO S.A.',NULL,NULL,'000170-8',NULL,'DJS CONFECCOES','2023-10-30',3000.00,32,270.00,2730.00,132,'LANÇADO',0.00,NULL,NULL,NULL,NULL,NULL),(326,'341','ITAÚ UNIBANCO S.A.',NULL,NULL,'000044-2',NULL,'MAGNO DOS SANTOS','2023-10-30',8200.00,32,524.80,7675.20,133,'LANÇADO',0.00,NULL,NULL,NULL,NULL,NULL),(327,'756','BANCO SICOOB S.A.',NULL,NULL,'000096-5',NULL,'ELIANE DA SILVA','2023-10-30',15000.00,32,1125.00,13875.00,134,'LANÇADO',0.00,NULL,NULL,NULL,NULL,NULL),(328,'756','BANCO SICOOB S.A.',NULL,NULL,'000210-0',NULL,'ELIANE DA SILVA','2023-10-30',15000.00,32,1125.00,13875.00,134,'LANÇADO',0.00,NULL,NULL,NULL,NULL,NULL),(329,'UIRAPURU','NP',NULL,NULL,'1',NULL,'UIRAPURU','2023-09-28',0.00,0,3000.00,-3000.00,135,'LANÇADO',0.00,NULL,NULL,NULL,NULL,NULL),(330,'VENETO','VENETO',NULL,NULL,'1',NULL,'VENETO','2023-09-28',0.00,0,1800.00,-1800.00,135,'LANÇADO',0.00,NULL,NULL,NULL,NULL,NULL),(331,'N GENTE','N GENTE',NULL,NULL,'1',NULL,'NOSSA GENTE','2023-09-28',0.00,0,4000.00,-4000.00,135,'LANÇADO',0.00,NULL,NULL,NULL,NULL,NULL),(332,'SATELITE','SATELITE',NULL,NULL,'1',NULL,'SATELITE','2023-09-28',0.00,0,8000.00,-8000.00,135,'LANÇADO',0.00,NULL,NULL,NULL,NULL,NULL),(333,'CUMBICA','CUMBICA',NULL,NULL,'1',NULL,'CUMBICA','2023-09-28',0.00,0,9000.00,-9000.00,135,'LANÇADO',0.00,NULL,NULL,NULL,NULL,NULL);
/*!40000 ALTER TABLE `borderos_lancamentos` ENABLE KEYS */;
UNLOCK TABLES;

--
-- Table structure for table `clientes`
--

DROP TABLE IF EXISTS `clientes`;
/*!40101 SET @saved_cs_client     = @@character_set_client */;
/*!50503 SET character_set_client = utf8mb4 */;
CREATE TABLE `clientes` (
  `idcliente` int NOT NULL AUTO_INCREMENT,
  `cnpj_cpf` varchar(20) NOT NULL,
  `ie_rg` varchar(20) DEFAULT NULL,
  `nome` varchar(100) DEFAULT NULL,
  `cep` varchar(10) DEFAULT NULL,
  `rua` varchar(45) DEFAULT NULL,
  `numero` varchar(100) DEFAULT NULL,
  `bairro` varchar(45) DEFAULT NULL,
  `complemento` varchar(45) DEFAULT NULL,
  `cidade` varchar(45) DEFAULT NULL,
  `uf` varchar(2) DEFAULT NULL,
  `telefone` varchar(20) DEFAULT NULL,
  `data_nascimento` varchar(45) DEFAULT NULL,
  `idfactoring` int DEFAULT NULL,
  `data_cadastro` varchar(50) DEFAULT NULL,
  `observacao` text,
  `taxa_juros` float DEFAULT NULL,
  `especial` varchar(3) DEFAULT NULL,
  PRIMARY KEY (`idcliente`),
  UNIQUE KEY `cnpj_cpf_UNIQUE` (`cnpj_cpf`),
  KEY `fk_clientes_factoring1_idx` (`idfactoring`),
  CONSTRAINT `fk_clientes_factoring1` FOREIGN KEY (`idfactoring`) REFERENCES `factoring` (`idfactoring`)
) ENGINE=InnoDB AUTO_INCREMENT=84 DEFAULT CHARSET=utf8mb4 COLLATE=utf8mb4_0900_ai_ci;
/*!40101 SET character_set_client = @saved_cs_client */;

--
-- Dumping data for table `clientes`
--

LOCK TABLES `clientes` WRITE;
/*!40000 ALTER TABLE `clientes` DISABLE KEYS */;
INSERT INTO `clientes` VALUES (1,'131.276.878-93','','DENIS JACKSON PEREIRA SALES','07231370','Rua Vital Brasil','1400','Vila Nova Cumbica','SALA A 1','Guarulhos','SP','11999582816','1969-12-16',1,'2023-09-15','PRORPIETARIO',2,'SIM'),(2,'49.097.033/0001-90','1','AUTO POSTO E SERVIÇOS NOSSA GENTE LTDA','07220000','Avenida Santos Dumont','2231','Cidade Industrial Satélite de São Paulo','S','Guarulhos','SP','1124888821','2023-09-16',1,'2023-09-16','',0,'SIM'),(3,'01.791.354/0001-64','1','AUTO POSTO VENETO LTDA','07170350','Avenida Papa João Paulo I','4545','Vila Aeroporto','S','Guarulhos','SP','1124311582','2023-09-16',1,'2023-09-16','',0,'SIM'),(5,'49.095.599/0001-83','1','AUTO POSTO CUMBICA LTDA','07178580','Rodovia Presidente Dutra','16000','Cumbica','KM 216','Guarulhos','SP','1124885933','2023-09-16',1,'2023-09-16','',0,'SIM'),(6,'10.539.589/0001-54','1','DISTRIBUIDORA DE GAS SALES (DANIEL)','65840000','AVENIDA RODOVIARIA','100','CENTRO','S','São Raimundo das Mangabeiras','MA','1124885933','2023-09-16',1,'2023-09-16','',3,'SIM'),(7,'04.281.036/0007-37','1','RAPIDO RORAIMA LTDA','07231070','Rua da Imprensa','65','Vila Nova Cumbica','S','Guarulhos','SP','11984054313','2023-09-16',1,'2023-09-16','SAMIR E CINTIA',0.05,'SIM'),(8,'332.593.738-10','1','MARCOS RAFAEL MARQUES BEZERRA ( TUTA ) COD 33','07230420','Rua Solonópole','1','Parque Uirapuru','1','Guarulhos','SP','11966422251','2023-09-16',1,'2023-09-16','RAFAEL DO TUTA CAD 33 PROGRAMA ERINALDO',6,'NAO'),(9,'272.245.368-14','1','REINALDO MARTINEZ - BROS LOGISTICA - CAD 1419','02218020','Rua Bararati','60','Vila Medeiros','','São Paulo','SP','930001433','2023-09-16',1,'2023-09-16','AGRAGADO DA BROS CAD 29/05/2023 ',7.5,'NAO'),(10,'010.742.205-01','1','ANTERO ALVES DE OLIVEIRA - VELHO JOÃO DIAS','07230300','Rua Itatira','618','Parque Uirapuru','1','Guarulhos','SP','1124885933','2023-09-16',1,'2023-09-16','',10,'NAO'),(11,'58.353.152/0001-58','1','serviço automotivo cidade satelite','07224000','Avenida Monteiro','485','Cidade Industrial Satélite de São Paulo','1','Guarulhos','SP','1124463633','2023-09-16',1,'2023-09-16','',0,'SIM'),(12,'083.141.818-46','11521452','leonildo geraldo (dunga) 484','07231370','Rua Vital Brasil','1400','Vila Nova Cumbica','1','Guarulhos','SP','11974746831','2023-09-16',1,'2023-09-16','',7.5,'NAO'),(13,'021.624.729-29','','VILMAR MORAIS','07263685','Rua 17','28','Conjunto Marcos Freire','','Guarulhos','SP','11933883646','2023-09-16',1,'2023-09-16','COMPROU 2013 BRANCO DO SANDRO',10,'NAO'),(14,'35.115.460/0001-40','1','IRMAOS RESENDE TRANSPORTES - DDD ','08215700','Rua Serra do Panati','351','Itaquera','1','São Paulo','SP','11945254428','2023-09-16',1,'2023-09-16','',7.5,'NAO'),(15,'346.308.098-21','1','JOSIAS GOMES DE SOUSA - RD QUIMICA CAD 964','07231370','Rua Vital Brasil','1400','Vila Nova Cumbica','1','Guarulhos','SP','11996967434','2023-09-16',1,'2023-09-16','',7.5,'NAO'),(16,'563.349.154-87','1','roberto quirino da silva','07230450','Rua Venâncio Aires','316 cs1','Parque Uirapuru','1','Guarulhos','SP','11943247563','2023-09-18',1,'2023-09-18','PAPER ADESIVOS - ELIANE DA SILVA\n',7.5,'NAO'),(17,'1','1','JOENILDE G RODRGUES - JO ACARI 1025','07231370','Rua Vital Brasil','1400','Vila Nova Cumbica','1','Guarulhos','SP','11991136703','2023-09-18',1,'2023-09-18','JO ACARI ',7.5,'NAO'),(18,'989.860.824-20','1','JANILDO AUGUSTO DE MOURA - CODIGO 88','07231370','Rua Vital Brasil','1400','Vila Nova Cumbica','LOJA POSTO CUMBICA','Guarulhos','SP','11985493263','2023-09-18',1,'2023-09-18','ARRENDOU LOJA POSTO CUMBICA COD 88',6,'NAO'),(19,'8684971434','1','JAILSON SILVA - PERNAMBUCO - COD 1305','18140028','Rua Aiglê Medeiros de Oliveira','975','Centro (São João Novo)','1','São Roque','SP','11998794292','2023-09-18',1,'2023-09-18','INDICAÇÃO DO BOMBEIRO ',7.5,'NAO'),(20,'599963894','1','WELLINGTON AMARAL DOS SANTOS - COD 402 BOMBEIRO','07231370','Rua Vital Brasil','1400','Vila Nova Cumbica','SALA 1','Guarulhos','SP','11997696561','2023-09-18',1,'2023-09-18','BOMBEIRO 402',7.5,'NAO'),(21,'47.898.639/0001-08','1','estrela de fogo','07231370','Rua Vital Brasil','1400','Vila Nova Cumbica','sala 1','Guarulhos','SP','963998085','2023-09-18',1,'2023-09-18','ESTRELA DE FOGO ',7.5,'NAO'),(22,'358.237.758-06','42133313-3','LUIZ FELIPE PEREIRA DA SILVA','03337020','Rua José Oscar Abreu Sampaio','163','Jardim Anália Franco','APTO 111','São Paulo','SP','11932118494','2023-09-19',1,'2023-09-19','AMIGO DO NORBERTO LIMITE 100 MIL CAD 04/08/2023\n',7,'NAO'),(23,'860069534','','MARIVALDO SENA SANTOS','07273-160','Rua Pomerode','163','Jardim Santa Maria','S','Guarulhos','SP','11988198405','2023-09-19',1,'2023-09-19','COD 347',10,'NAO'),(25,'2','1','ADRINA AFONSO SIMPLICIO DE MELO - V3','07174391','Rua Milton Batista Caraça','35','Residencial Parque Cumbica','S','Guarulhos','SP','11940027729','2023-09-19',1,'2023-09-19','ADRIANA V3 COND 783',7.5,'NAO'),(26,'5','1','mauricio massayuki horiguchi - cod 61','07231370','Rua Vital Brasil','1400','Vila Nova Cumbica','sala 1','Guarulhos','SP','11995343888','2023-09-19',1,'2023-09-19','cod 61',6,'NAO'),(27,'34.583.349/0001-15','796955235110','vtl plus transportes eireli - COD 1012','07172100','Rua Marinópolis','646','Jardim Presidente Dutra','','Guarulhos','SP','11984940608','2023-09-20',1,'2023-09-20','SÃO FERNANDO COD 1012',7.5,'NAO'),(28,'046.911.438-07','1','JURACI GONCALVES DE SOUZA','07231370','Rua Vital Brasil','1400','Vila Nova Cumbica','SALA 1','Guarulhos','SP','11947526227','2023-09-20',1,'2023-09-20','AMIGO DO TONINHO COMPROU CAMINHAO\n',7.5,'NAO'),(29,'335.742.088-04','1','CLEYTON FERREIRA SANTANA','07231370','Rua Vital Brasil','1400','Vila Nova Cumbica','SALA 1','Guarulhos','SP','11970246788','2023-09-20',1,'2023-09-20','COMPROU CAMINHAO SAO FERNANDO E CARRETA ATAIDE\n\n\n\n',10,'NAO'),(30,'02.631.965/0001-08','','ALUISIO BEN SANTIAGO SILVA - SILVACAR','07230120','Rua Falcões','17','Jardim Ottawa','','Guarulhos','AC','11954832136','2023-09-20',1,'2023-09-20','',10,'NAO'),(31,'006.127.026-18','38/7739324','deferson marques marciano - mineiro da oficina','07231000','Avenida Nova Cumbica','1140','Vila Nova Cumbica','','Guarulhos','SP','11977293405','2023-09-21',1,'2023-09-21','MINEIRO DA OFICINA \nCOMPROU SPORTAGE, MONTANA E HILUX',6,'NAO'),(32,'123.177.168-26','1','NORBERTO AUGUSTO PINTO NETO','07231370','Rua Vital Brasil','1400','Vila Nova Cumbica','SALA 1','Guarulhos','SP','11940050059','2023-09-21',1,'2023-09-21','',4,'NAO'),(33,'36.053.549/0001-91','','KLEITON CERQUEIRA ALVES','07230430','Rua Piquete Carneiro','259','Parque Uirapuru','ADEGA','Guarulhos','AC','11947943017','2023-09-21',1,'2023-09-21','KLEITON DA ADEGA',8,'NAO'),(36,'766.363.138-20','1','JOAO DIAS ATAIDE FILHO - COD 944','07230300','Rua Itatira','200','Parque Uirapuru','BAR DO JOAO DIAS','Guarulhos','SP','11973261155','2023-09-21',1,'2023-09-21','',7.5,'NAO'),(38,'888.076.734-87','','TEREZA C OLIVEIRA','08223000','Avenida Caititu','469','Cidade Antônio Estevão de Carvalho','','São Paulo','SP','11947544026','2023-09-21',1,'2023-09-21','EX ALEXANDRE CARIOCA ',7.5,'NAO'),(39,'023.028.658-55','17775577','adriano augusto pereira','02435030','Rua Plínio Colas','278','Lauzane Paulista','apto 78b','São Paulo','SP','11963927026','1966-11-04',1,'2023-09-22','SR ADRIANO - TRAB NA ABT CAD 22/09/2023',7.5,'NAO'),(40,'560.126.888-65','539413458','AUGUSTO JUNIOR ALARCON - AUGUSTINHO','07230430','Rua Piquete Carneiro','251','Parque Uirapuru','','Guarulhos','SP','11966309027','2023-09-22',1,'2023-09-22','FINCIONARIO DA FORTAL CAD 22/09/2023',7.5,'NAO'),(41,'582.146.405-63','53778698-3','valdemir marques de santana','07231370','Rua Vital Brasil','1356','Vila Nova Cumbica','','Guarulhos','SP','11977267247','2023-09-22',1,'2023-09-22','BAHIA DA USINAGEM ',8,'NAO'),(42,'123','','ALESSANDRO PET SHOP','07230000','Estrada Velha Guarulhos-São Miguel','882','Jardim Santa Helena','','Guarulhos','SP','11980301467','2023-09-22',1,'2023-09-22','INQUILINO PET SHOP UIRAPURU\nCOMPROU HRV ',7.5,'NAO'),(43,'12.410.703/0001-77','','MACOE - IGUATU ','07231370','Rua Vital Brasil','1400','Vila Nova Cumbica','','Guarulhos','SP','11994499477','2023-09-22',1,'2023-09-22','EUCLIDES MACOE',3.5,'NAO'),(44,'164.208.698-38','','CARLOS PEREIRA SALES COD182','07230420','Rua Solonópole','92','Parque Uirapuru','','Guarulhos','SP','11987726878','2023-09-22',1,'2023-09-22','\n\n',6,'NAO'),(45,'03.242.692/0001-72','','WEM TRANSPORTES - COD 684','07042220','Rua Joaquim Nabuco','122','Jardim Munhoz','','Guarulhos','SP','11982185689','2023-09-22',1,'2023-09-22','MARY',3,'NAO'),(46,'340.734.898-36','45351182','jose orlando filho - RECICLAGEM COD 917','07261410','Rua Nelson Ferraz','297','Sítio São Francisco','','Guarulhos','SP','11940303825','2023-09-25',1,'2023-09-25','RECICLAGEM COND 917 - ',10,'NAO'),(47,'089.842.416-01','','WELIVAN GONÇALVES DA SILVA PEREIRA','07230370','Rua Boa Viagem','237','Parque Uirapuru','','Guarulhos','SP','','2023-09-25',1,'2023-09-25','FUNCIONARIO DO CUMBICA\n',7.5,'NAO'),(48,'401.968.618-10','','RAFAEL CORREIA DA SILVA','07231370','Rua Vital Brasil','1400','Vila Nova Cumbica','','Guarulhos','SP','11995136406','2023-09-25',1,'2023-09-25','RAFAEL ZONA LESTE PARENTE DO LUCIANO',7.5,'NAO'),(49,'0457731300017','','ISABEL - KIKO PNEUS','07231370','Rua Vital Brasil','1400','Vila Nova Cumbica','','Guarulhos','SP','11999424042','2023-09-25',1,'2023-09-25','KIKO PNEUS',10,'NAO'),(50,'174','','ODLAVIV - VITOR POSTO VENETO - COD 174','07231370','Rua Vital Brasil','1400','Vila Nova Cumbica','','Guarulhos','SP','11947077448','2023-09-25',1,'2023-09-25','',6,'NAO'),(51,'267.963.558-22','','FRANCISCO JANES DEAN GOMES','07231370','Rua Vital Brasil','1400','Vila Nova Cumbica','','Guarulhos','SP','11963597182','2023-09-25',1,'2023-09-25','FRANCISCO JANES - CARREGA COM MARCO SÃO FERNANDO',7.5,'NAO'),(53,'456','','DJS ESTAMPARIA - COD 1045','07231370','Rua Vital Brasil','1400','Vila Nova Cumbica','','Guarulhos','SP','11988212716','2023-09-25',1,'2023-09-25','SERGIO DJS COD 1045',7.5,'NAO'),(56,'7879','','paulo moreira - cod 25','07231370','Rua Vital Brasil','1400','Vila Nova Cumbica','','Guarulhos','SP','11986340122','2023-09-25',1,'2023-09-25','PAULO TIO DA MARCELLA COR 25',10,'NAO'),(60,'278.141.088-88','','JOSE KENNEDY CANUTO - COND 1321','07231370','Rua Vital Brasil','1400','Vila Nova Cumbica','','Guarulhos','SP','11992308066','2023-09-25',1,'2023-09-25','KENNEDY COND 1321',10,'NAO'),(61,'789','','WILLIAN - AMIGO DO RENATO - COD 912','07054130','Rua Dona Maria I','237','Jardim Vila Galvão','APTO 83','Guarulhos','SP','11947800353','2023-09-25',1,'2023-09-25','AMIGO DO RENATO LOJA DE CARROS',7.5,'NAO'),(62,'1109','','edvaldo corretor - cod 1109','07231370','Rua Vital Brasil','1400','Vila Nova Cumbica','','Guarulhos','SP','11994896181','2023-09-26',1,'2023-09-26','EDVALDO CORRETO - VIVE NA CHURRASCARIA E JOGANDO MAQUININHA NO EZEQUIEL',7.5,'NAO'),(64,'39.239.964/0001-22','','JCTS TRANSPORTES EIRELI','07180280','Rua São João da Serra','7','Cidade Jardim Cumbica','','Guarulhos','SP','11981694207','2023-09-26',1,'2023-09-26','CARLINHOS CLIENTE DO CUMBICA - COMPROU CAVALO DO MACOE',7.5,'NAO'),(67,'293.457.518-74','','JOAO DE SIQUEIRA AMORIM - COD 987','07230261','Rua Maria Barbosa Vigna','94','Jardim Ottawa','','Guarulhos','SP','11977420618','2023-09-26',1,'2023-09-26','',7.5,'NAO'),(68,'254.585.008-06','','EDUARDO DE SOUZA - MOT AGUIA SALES','07230420','Rua Solonópole','146','Parque Uirapuru','','Guarulhos','SP','','2023-09-26',1,'2023-09-26','MOT DO PASSARINHO MAX 1.000,00\n',12,'NAO'),(69,'4567','','ANGELO GUILHERME MOREIRA - FILHO DO GODO','07231370','Rua Vital Brasil','1400','Vila Nova Cumbica','','Guarulhos','SP','11','2023-09-26',1,'2023-09-26','FILHO DO GODO E FILHO DA ANGELA',7.5,'NAO'),(70,'257.222.248-55','','JOSE FERNANDES DA FONSECA - LOURA','07231310','Rua Parambu','152','Vila Nova Cumbica','','Guarulhos','SP','11943895379','2023-09-26',1,'2023-09-26','',10,'NAO'),(71,'89650','','MARIA DACY - PAULINHO','07231370','Rua Vital Brasil','1400','Vila Nova Cumbica','','Guarulhos','SP','','2023-09-26',1,'2023-09-26','COMPRARAM ADIVIDA DO CARLOS EDUARDO',7.5,'NAO'),(72,'025.736.964-30','','reinaldo bezerra claudino','07231310','Rua Parambu','30','Vila Nova Cumbica','','Guarulhos','SP','11951693004','2023-09-27',1,'2023-09-27','REINALDO TRABALHA NA AGUIA SALES',7.5,'NAO'),(73,' 31176281852','','LINCOLN PEREIRA DOS SANTOS','07231370','Rua Vital Brasil','1400','Vila Nova Cumbica','','Guarulhos','SP','11978056002','2023-09-27',1,'2023-09-27','FUNCIONARIO POSTO CUMBICA ',7.5,'NAO'),(74,'580.830.064-91','','RAIMUNDO SANTANA DE MELO - COD 308 ','07231370','Rua Vital Brasil','1400','Vila Nova Cumbica','','Guarulhos','SP','','2023-09-27',1,'2023-09-27','',10,'NAO'),(75,'0108551000171','','ELLUS IMOVEIS - IZAIAS COD 1055','07231370','Rua Vital Brasil','1400','Vila Nova Cumbica','','Guarulhos','SP','11947052222','2023-09-27',1,'2023-09-27','CORRETOR AMIGOS DO NORBERTO',6,'NAO'),(76,'511.762.598-65','38120742-0','rafael moreira  ferreira','07231050','Rua Cruz Alta','62','Vila Nova Cumbica','borracharia','Guarulhos','SP','11951341435','2023-09-27',1,'2023-09-27','RAFAEL DA BORRACHARIA ',7.5,'NAO'),(77,'00.175.631/0002-22','','RODOMILLI - ATAIDE - COD 556','07082000','Rua ANDRE LUIZ ','301','Jardim Terezópolis','APTO 62','Guarulhos','SP','11976520340','2023-09-27',1,'2023-09-27','ATAIDE RODOMILLI',7.5,'NAO'),(78,'275.369.728-06','','ELTON JIN CUNHA DE SOUZA','07175080','Estrada Acacio Antonio Batista','3097','Vila Nova Bonsucesso','','Guarulhos','SP','11947752599','2023-09-27',1,'2023-09-27','',7.5,'NAO'),(79,'299.083.398-69','34426564','francisco auricelio gregorio - arapinha 869','07230420','Rua Solonópole','100','Parque Uirapuru','em frente compo farias','Guarulhos','SP','11985200042','2023-09-27',1,'2023-09-27','',10,'NAO'),(80,'861.240.304-97','','vanderlan melo de souza','07171230','Rua Jaguaquara','360','Jardim Presidente Dutra','','Guarulhos','SP','11973853883','2023-09-28',1,'2023-09-28','',7.5,'NAO'),(82,'115.744.928-02','','MARCELO ALVES NERY','07230261','Rua Maria Barbosa Vigna','70','Jardim Ottawa','','Guarulhos','SP','11968276540','2023-09-28',1,'2023-09-28','MARCELO PASTOR',7.5,'NAO'),(83,'45678','','ADILSON SANTOS PEREIRA - CONTADOR - COND 968','07231370','Rua Vital Brasil','1400','Vila Nova Cumbica','','Guarulhos','SP','11991607640','2023-09-28',1,'2023-09-28','CONTADOR COD 968',9,'NAO');
/*!40000 ALTER TABLE `clientes` ENABLE KEYS */;
UNLOCK TABLES;

--
-- Table structure for table `emprestimos`
--

DROP TABLE IF EXISTS `emprestimos`;
/*!40101 SET @saved_cs_client     = @@character_set_client */;
/*!50503 SET character_set_client = utf8mb4 */;
CREATE TABLE `emprestimos` (
  `idemprestimo` int NOT NULL AUTO_INCREMENT,
  `data_cadastro` varchar(45) DEFAULT NULL,
  `idcliente` int NOT NULL,
  `data_base` varchar(45) DEFAULT NULL,
  `juros_mensal` decimal(10,2) DEFAULT NULL,
  `valor_emprestimo` decimal(10,2) DEFAULT NULL,
  `quantidade_parcelas` int DEFAULT NULL,
  `intervalo` int DEFAULT NULL,
  `valor_parcela` decimal(10,2) DEFAULT NULL,
  `idfactoring` int DEFAULT NULL,
  `valor_total` decimal(10,2) DEFAULT NULL,
  `valor_juros` decimal(10,2) DEFAULT NULL,
  `nome_credor` varchar(60) DEFAULT NULL,
  `cnpj_cpf_credor` varchar(20) DEFAULT NULL,
  PRIMARY KEY (`idemprestimo`),
  KEY `fk_emprestimos_clientes1_idx` (`idcliente`),
  KEY `fk_emprestimos_factoring1_idx` (`idfactoring`),
  CONSTRAINT `fk_emprestimos_clientes1` FOREIGN KEY (`idcliente`) REFERENCES `clientes` (`idcliente`),
  CONSTRAINT `fk_emprestimos_factoring1` FOREIGN KEY (`idfactoring`) REFERENCES `factoring` (`idfactoring`)
) ENGINE=InnoDB AUTO_INCREMENT=13 DEFAULT CHARSET=utf8mb4 COLLATE=utf8mb4_0900_ai_ci;
/*!40101 SET character_set_client = @saved_cs_client */;

--
-- Dumping data for table `emprestimos`
--

LOCK TABLES `emprestimos` WRITE;
/*!40000 ALTER TABLE `emprestimos` DISABLE KEYS */;
INSERT INTO `emprestimos` VALUES (1,'2023-09-16',7,'2023-08-03',0.05,500417.33,156,7,5000.00,1,776697.50,276280.17,'DENIS JACKSON PEREIRA SALES','131.276.878-93'),(2,'2023-09-21',31,'2023-09-29',7.50,135000.00,108,7,2000.00,1,0.00,81000.00,'AUTO POSTO VENETO LTDA','01.791.354/0001-64'),(3,'2023-09-22',40,'2023-10-10',7.50,5000.00,16,0,500.00,1,8000.00,3000.00,'DENIS JACKSON PEREIRA SALES','131.276.878-93'),(4,'2023-09-27',72,'2023-10-30',7.50,2000.00,6,0,430.00,1,2580.00,580.00,'DENIS JACKSON PEREIRA SALES','131.276.878-93'),(7,'2023-09-27',76,'2023-10-27',7.50,800.00,2,0,445.00,1,890.00,90.00,'denis jackson pereira sales','131.276.878-93'),(8,'2023-09-27',78,'2023-10-30',7.50,81000.00,24,0,5100.00,1,122400.00,41400.00,'AUTO POSTO VENETO LTDA','01.791.354/0001-64'),(9,'2023-09-27',79,'2023-10-08',10.00,21000.00,1,0,21136.50,1,21136.50,136.50,'denis jackson pereira sales','131.276.878-93'),(10,'2023-09-27',79,'2023-10-08',10.00,9000.00,1,0,9054.00,1,0.00,0.00,'denis jackson pereira sales','131.276.878-93'),(11,'2023-09-27',79,'2023-10-08',10.00,9000.00,1,0,9054.00,1,9054.00,54.00,'denis jackson pereira sales','131.276.878-93'),(12,'2023-09-27',73,'2023-10-30',7.50,4000.00,8,0,800.00,1,4800.00,800.00,'denis jackson pereira sales','131.276.878-93');
/*!40000 ALTER TABLE `emprestimos` ENABLE KEYS */;
UNLOCK TABLES;

--
-- Table structure for table `factoring`
--

DROP TABLE IF EXISTS `factoring`;
/*!40101 SET @saved_cs_client     = @@character_set_client */;
/*!50503 SET character_set_client = utf8mb4 */;
CREATE TABLE `factoring` (
  `idfactoring` int NOT NULL AUTO_INCREMENT,
  `cnpj` varchar(18) NOT NULL,
  `ie` varchar(20) DEFAULT NULL,
  `razao` varchar(100) DEFAULT NULL,
  `rua` varchar(100) DEFAULT NULL,
  `numero` varchar(10) DEFAULT NULL,
  `bairro` varchar(45) DEFAULT NULL,
  `complemento` varchar(45) DEFAULT NULL,
  `cep` varchar(45) DEFAULT NULL,
  `cidade` varchar(45) DEFAULT NULL,
  `uf` varchar(2) DEFAULT NULL,
  `telefone` varchar(15) DEFAULT NULL,
  `taxa_minima` float DEFAULT NULL,
  PRIMARY KEY (`idfactoring`)
) ENGINE=InnoDB AUTO_INCREMENT=2 DEFAULT CHARSET=utf8mb4 COLLATE=utf8mb4_0900_ai_ci;
/*!40101 SET character_set_client = @saved_cs_client */;

--
-- Dumping data for table `factoring`
--

LOCK TABLES `factoring` WRITE;
/*!40000 ALTER TABLE `factoring` DISABLE KEYS */;
INSERT INTO `factoring` VALUES (1,'05.875.221/0001-27','1','FORTAL FOMENTO MERCANTIL LTDA','Rua Vital Brasil','1400','Vila Nova Cumbica','SALA 01','07231370','Guarulhos','SP','1124885933',3.5);
/*!40000 ALTER TABLE `factoring` ENABLE KEYS */;
UNLOCK TABLES;

--
-- Table structure for table `grupos_permissoes`
--

DROP TABLE IF EXISTS `grupos_permissoes`;
/*!40101 SET @saved_cs_client     = @@character_set_client */;
/*!50503 SET character_set_client = utf8mb4 */;
CREATE TABLE `grupos_permissoes` (
  `idgrupo` int NOT NULL AUTO_INCREMENT,
  `grupo` varchar(20) NOT NULL,
  PRIMARY KEY (`idgrupo`),
  UNIQUE KEY `grupo_UNIQUE` (`grupo`)
) ENGINE=InnoDB AUTO_INCREMENT=3 DEFAULT CHARSET=utf8mb4 COLLATE=utf8mb4_0900_ai_ci;
/*!40101 SET character_set_client = @saved_cs_client */;

--
-- Dumping data for table `grupos_permissoes`
--

LOCK TABLES `grupos_permissoes` WRITE;
/*!40000 ALTER TABLE `grupos_permissoes` DISABLE KEYS */;
INSERT INTO `grupos_permissoes` VALUES (1,'admin'),(2,'operacional');
/*!40000 ALTER TABLE `grupos_permissoes` ENABLE KEYS */;
UNLOCK TABLES;

--
-- Table structure for table `pagamentos_parcelas`
--

DROP TABLE IF EXISTS `pagamentos_parcelas`;
/*!40101 SET @saved_cs_client     = @@character_set_client */;
/*!50503 SET character_set_client = utf8mb4 */;
CREATE TABLE `pagamentos_parcelas` (
  `idpagamento` int NOT NULL AUTO_INCREMENT,
  `idparcela` int DEFAULT NULL,
  `valor_pago` decimal(10,2) DEFAULT NULL,
  `data_pagamento` varchar(45) DEFAULT NULL,
  PRIMARY KEY (`idpagamento`),
  UNIQUE KEY `idpagamento_parcela_UNIQUE` (`idpagamento`),
  KEY `fk_pagamentos_parcelas_parcelas_emprestimo1_idx` (`idparcela`),
  CONSTRAINT `fk_pagamentos_parcelas_parcelas_emprestimo1` FOREIGN KEY (`idparcela`) REFERENCES `parcelas_emprestimo` (`idparcela`)
) ENGINE=InnoDB AUTO_INCREMENT=2 DEFAULT CHARSET=utf8mb4 COLLATE=utf8mb4_0900_ai_ci;
/*!40101 SET character_set_client = @saved_cs_client */;

--
-- Dumping data for table `pagamentos_parcelas`
--

LOCK TABLES `pagamentos_parcelas` WRITE;
/*!40000 ALTER TABLE `pagamentos_parcelas` DISABLE KEYS */;
/*!40000 ALTER TABLE `pagamentos_parcelas` ENABLE KEYS */;
UNLOCK TABLES;

--
-- Table structure for table `parcelas_emprestimo`
--

DROP TABLE IF EXISTS `parcelas_emprestimo`;
/*!40101 SET @saved_cs_client     = @@character_set_client */;
/*!50503 SET character_set_client = utf8mb4 */;
CREATE TABLE `parcelas_emprestimo` (
  `idparcela` int NOT NULL AUTO_INCREMENT,
  `parcela` varchar(45) DEFAULT NULL,
  `vencimento` varchar(45) DEFAULT NULL,
  `valor` decimal(10,2) DEFAULT NULL,
  `idemprestimo` int DEFAULT NULL,
  PRIMARY KEY (`idparcela`),
  KEY `fk_parcelas_emprestimo_emprestimos1_idx` (`idemprestimo`),
  CONSTRAINT `fk_parcelas_emprestimo_emprestimos1` FOREIGN KEY (`idemprestimo`) REFERENCES `emprestimos` (`idemprestimo`)
) ENGINE=InnoDB AUTO_INCREMENT=337 DEFAULT CHARSET=utf8mb4 COLLATE=utf8mb4_0900_ai_ci;
/*!40101 SET character_set_client = @saved_cs_client */;

--
-- Dumping data for table `parcelas_emprestimo`
--

LOCK TABLES `parcelas_emprestimo` WRITE;
/*!40000 ALTER TABLE `parcelas_emprestimo` DISABLE KEYS */;
INSERT INTO `parcelas_emprestimo` VALUES (1,'1','2023-08-03',5000.00,1),(2,'2','2023-08-10',5000.00,1),(3,'3','2023-08-17',5000.00,1),(4,'4','2023-08-24',5000.00,1),(5,'5','2023-08-31',5000.00,1),(6,'6','2023-09-07',5000.00,1),(7,'7','2023-09-14',5000.00,1),(8,'8','2023-09-21',5000.00,1),(9,'9','2023-09-28',5000.00,1),(10,'10','2023-10-05',5000.00,1),(11,'11','2023-10-12',5000.00,1),(12,'12','2023-10-19',5000.00,1),(13,'13','2023-10-26',5000.00,1),(14,'14','2023-11-02',5000.00,1),(15,'15','2023-11-09',5000.00,1),(16,'16','2023-11-16',5000.00,1),(17,'17','2023-11-23',5000.00,1),(18,'18','2023-11-30',5000.00,1),(19,'19','2023-12-07',5000.00,1),(20,'20','2023-12-14',5000.00,1),(21,'21','2023-12-21',5000.00,1),(22,'22','2023-12-28',5000.00,1),(23,'23','2024-01-04',5000.00,1),(24,'24','2024-01-11',5000.00,1),(25,'25','2024-01-18',5000.00,1),(26,'26','2024-01-25',5000.00,1),(27,'27','2024-02-01',5000.00,1),(28,'28','2024-02-08',5000.00,1),(29,'29','2024-02-15',5000.00,1),(30,'30','2024-02-22',5000.00,1),(31,'31','2024-02-29',5000.00,1),(32,'32','2024-03-07',5000.00,1),(33,'33','2024-03-14',5000.00,1),(34,'34','2024-03-21',5000.00,1),(35,'35','2024-03-28',5000.00,1),(36,'36','2024-04-04',5000.00,1),(37,'37','2024-04-11',5000.00,1),(38,'38','2024-04-18',5000.00,1),(39,'39','2024-04-25',5000.00,1),(40,'40','2024-05-02',5000.00,1),(41,'41','2024-05-09',5000.00,1),(42,'42','2024-05-16',5000.00,1),(43,'43','2024-05-23',5000.00,1),(44,'44','2024-05-30',5000.00,1),(45,'45','2024-06-06',5000.00,1),(46,'46','2024-06-13',5000.00,1),(47,'47','2024-06-20',5000.00,1),(48,'48','2024-06-27',5000.00,1),(49,'49','2024-07-04',5000.00,1),(50,'50','2024-07-11',5000.00,1),(51,'51','2024-07-18',5000.00,1),(52,'52','2024-07-25',5000.00,1),(53,'53','2024-08-01',5000.00,1),(54,'54','2024-08-08',5000.00,1),(55,'55','2024-08-15',5000.00,1),(56,'56','2024-08-22',5000.00,1),(57,'57','2024-08-29',5000.00,1),(58,'58','2024-09-05',5000.00,1),(59,'59','2024-09-12',5000.00,1),(60,'60','2024-09-19',5000.00,1),(61,'61','2024-09-26',5000.00,1),(62,'62','2024-10-03',5000.00,1),(63,'63','2024-10-10',5000.00,1),(64,'64','2024-10-17',5000.00,1),(65,'65','2024-10-24',5000.00,1),(66,'66','2024-10-31',5000.00,1),(67,'67','2024-11-07',5000.00,1),(68,'68','2024-11-14',5000.00,1),(69,'69','2024-11-21',5000.00,1),(70,'70','2024-11-28',5000.00,1),(71,'71','2024-12-05',5000.00,1),(72,'72','2024-12-12',5000.00,1),(73,'73','2024-12-19',5000.00,1),(74,'74','2024-12-26',5000.00,1),(75,'75','2025-01-02',5000.00,1),(76,'76','2025-01-09',5000.00,1),(77,'77','2025-01-16',5000.00,1),(78,'78','2025-01-23',5000.00,1),(79,'79','2025-01-30',5000.00,1),(80,'80','2025-02-06',5000.00,1),(81,'81','2025-02-13',5000.00,1),(82,'82','2025-02-20',5000.00,1),(83,'83','2025-02-27',5000.00,1),(84,'84','2025-03-06',5000.00,1),(85,'85','2025-03-13',5000.00,1),(86,'86','2025-03-20',5000.00,1),(87,'87','2025-03-27',5000.00,1),(88,'88','2025-04-03',5000.00,1),(89,'89','2025-04-10',5000.00,1),(90,'90','2025-04-17',5000.00,1),(91,'91','2025-04-24',5000.00,1),(92,'92','2025-05-01',5000.00,1),(93,'93','2025-05-08',5000.00,1),(94,'94','2025-05-15',5000.00,1),(95,'95','2025-05-22',5000.00,1),(96,'96','2025-05-29',5000.00,1),(97,'97','2025-06-05',5000.00,1),(98,'98','2025-06-12',5000.00,1),(99,'99','2025-06-19',5000.00,1),(100,'100','2025-06-26',5000.00,1),(101,'101','2025-07-03',5000.00,1),(102,'102','2025-07-10',5000.00,1),(103,'103','2025-07-17',5000.00,1),(104,'104','2025-07-24',5000.00,1),(105,'105','2025-07-31',5000.00,1),(106,'106','2025-08-07',5000.00,1),(107,'107','2025-08-14',5000.00,1),(108,'108','2025-08-21',5000.00,1),(109,'109','2025-08-28',5000.00,1),(110,'110','2025-09-04',5000.00,1),(111,'111','2025-09-11',5000.00,1),(112,'112','2025-09-18',5000.00,1),(113,'113','2025-09-25',5000.00,1),(114,'114','2025-10-02',5000.00,1),(115,'115','2025-10-09',5000.00,1),(116,'116','2025-10-16',5000.00,1),(117,'117','2025-10-23',5000.00,1),(118,'118','2025-10-30',5000.00,1),(119,'119','2025-11-06',5000.00,1),(120,'120','2025-11-13',5000.00,1),(121,'121','2025-11-20',5000.00,1),(122,'122','2025-11-27',5000.00,1),(123,'123','2025-12-04',5000.00,1),(124,'124','2025-12-11',5000.00,1),(125,'125','2025-12-18',5000.00,1),(126,'126','2025-12-25',5000.00,1),(127,'127','2026-01-01',5000.00,1),(128,'128','2026-01-08',5000.00,1),(129,'129','2026-01-15',5000.00,1),(130,'130','2026-01-22',5000.00,1),(131,'131','2026-01-29',5000.00,1),(132,'132','2026-02-05',5000.00,1),(133,'133','2026-02-12',5000.00,1),(134,'134','2026-02-19',5000.00,1),(135,'135','2026-02-26',5000.00,1),(136,'136','2026-03-05',5000.00,1),(137,'137','2026-03-12',5000.00,1),(138,'138','2026-03-19',5000.00,1),(139,'139','2026-03-26',5000.00,1),(140,'140','2026-04-02',5000.00,1),(141,'141','2026-04-09',5000.00,1),(142,'142','2026-04-16',5000.00,1),(143,'143','2026-04-23',5000.00,1),(144,'144','2026-04-30',5000.00,1),(145,'145','2026-05-07',5000.00,1),(146,'146','2026-05-14',5000.00,1),(147,'147','2026-05-21',5000.00,1),(148,'148','2026-05-28',5000.00,1),(149,'149','2026-06-04',5000.00,1),(150,'150','2026-06-11',5000.00,1),(151,'151','2026-06-18',5000.00,1),(152,'152','2026-06-25',5000.00,1),(153,'153','2026-07-02',5000.00,1),(154,'154','2026-07-09',5000.00,1),(155,'155','2026-07-16',5000.00,1),(156,'156','2026-07-23',1697.50,1),(157,'1','2023-09-29',2000.00,2),(158,'2','2023-10-06',2000.00,2),(159,'3','2023-10-13',2000.00,2),(160,'4','2023-10-20',2000.00,2),(161,'5','2023-10-27',2000.00,2),(162,'6','2023-11-03',2000.00,2),(163,'7','2023-11-10',2000.00,2),(164,'8','2023-11-17',2000.00,2),(165,'9','2023-11-24',2000.00,2),(166,'10','2023-12-01',2000.00,2),(167,'11','2023-12-08',2000.00,2),(168,'12','2023-12-15',2000.00,2),(169,'13','2023-12-22',2000.00,2),(170,'14','2023-12-29',2000.00,2),(171,'15','2024-01-05',2000.00,2),(172,'16','2024-01-12',2000.00,2),(173,'17','2024-01-19',2000.00,2),(174,'18','2024-01-26',2000.00,2),(175,'19','2024-02-02',2000.00,2),(176,'20','2024-02-09',2000.00,2),(177,'21','2024-02-16',2000.00,2),(178,'22','2024-02-23',2000.00,2),(179,'23','2024-03-01',2000.00,2),(180,'24','2024-03-08',2000.00,2),(181,'25','2024-03-15',2000.00,2),(182,'26','2024-03-22',2000.00,2),(183,'27','2024-03-29',2000.00,2),(184,'28','2024-04-05',2000.00,2),(185,'29','2024-04-12',2000.00,2),(186,'30','2024-04-19',2000.00,2),(187,'31','2024-04-26',2000.00,2),(188,'32','2024-05-03',2000.00,2),(189,'33','2024-05-10',2000.00,2),(190,'34','2024-05-17',2000.00,2),(191,'35','2024-05-24',2000.00,2),(192,'36','2024-05-31',2000.00,2),(193,'37','2024-06-07',2000.00,2),(194,'38','2024-06-14',2000.00,2),(195,'39','2024-06-21',2000.00,2),(196,'40','2024-06-28',2000.00,2),(197,'41','2024-07-05',2000.00,2),(198,'42','2024-07-12',2000.00,2),(199,'43','2024-07-19',2000.00,2),(200,'44','2024-07-26',2000.00,2),(201,'45','2024-08-02',2000.00,2),(202,'46','2024-08-09',2000.00,2),(203,'47','2024-08-16',2000.00,2),(204,'48','2024-08-23',2000.00,2),(205,'49','2024-08-30',2000.00,2),(206,'50','2024-09-06',2000.00,2),(207,'51','2024-09-13',2000.00,2),(208,'52','2024-09-20',2000.00,2),(209,'53','2024-09-27',2000.00,2),(210,'54','2024-10-04',2000.00,2),(211,'55','2024-10-11',2000.00,2),(212,'56','2024-10-18',2000.00,2),(213,'57','2024-10-25',2000.00,2),(214,'58','2024-11-01',2000.00,2),(215,'59','2024-11-08',2000.00,2),(216,'60','2024-11-15',2000.00,2),(217,'61','2024-11-22',2000.00,2),(218,'62','2024-11-29',2000.00,2),(219,'63','2024-12-06',2000.00,2),(220,'64','2024-12-13',2000.00,2),(221,'65','2024-12-20',2000.00,2),(222,'66','2024-12-27',2000.00,2),(223,'67','2025-01-03',2000.00,2),(224,'68','2025-01-10',2000.00,2),(225,'69','2025-01-17',2000.00,2),(226,'70','2025-01-24',2000.00,2),(227,'71','2025-01-31',2000.00,2),(228,'72','2025-02-07',2000.00,2),(229,'73','2025-02-14',2000.00,2),(230,'74','2025-02-21',2000.00,2),(231,'75','2025-02-28',2000.00,2),(232,'76','2025-03-07',2000.00,2),(233,'77','2025-03-14',2000.00,2),(234,'78','2025-03-21',2000.00,2),(235,'79','2025-03-28',2000.00,2),(236,'80','2025-04-04',2000.00,2),(237,'81','2025-04-11',2000.00,2),(238,'82','2025-04-18',2000.00,2),(239,'83','2025-04-25',2000.00,2),(240,'84','2025-05-02',2000.00,2),(241,'85','2025-05-09',2000.00,2),(242,'86','2025-05-16',2000.00,2),(243,'87','2025-05-23',2000.00,2),(244,'88','2025-05-30',2000.00,2),(245,'89','2025-06-06',2000.00,2),(246,'90','2025-06-13',2000.00,2),(247,'91','2025-06-20',2000.00,2),(248,'92','2025-06-27',2000.00,2),(249,'93','2025-07-04',2000.00,2),(250,'94','2025-07-11',2000.00,2),(251,'95','2025-07-18',2000.00,2),(252,'96','2025-07-25',2000.00,2),(253,'97','2025-08-01',2000.00,2),(254,'98','2025-08-08',2000.00,2),(255,'99','2025-08-15',2000.00,2),(256,'100','2025-08-22',2000.00,2),(257,'101','2025-08-29',2000.00,2),(258,'102','2025-09-05',2000.00,2),(259,'103','2025-09-12',2000.00,2),(260,'104','2025-09-19',2000.00,2),(261,'105','2025-09-26',2000.00,2),(262,'106','2025-10-03',2000.00,2),(263,'107','2025-10-10',2000.00,2),(264,'108','2025-10-17',2000.00,2),(265,'1','2023-10-10',500.00,3),(266,'2','2023-11-10',500.00,3),(267,'3','2023-12-10',500.00,3),(268,'4','2024-01-10',500.00,3),(269,'5','2024-02-10',500.00,3),(270,'6','2024-03-10',500.00,3),(271,'7','2024-04-10',500.00,3),(272,'8','2024-05-10',500.00,3),(273,'9','2024-06-10',500.00,3),(274,'10','2024-07-10',500.00,3),(275,'11','2024-08-10',500.00,3),(276,'12','2024-09-10',500.00,3),(277,'13','2024-10-10',500.00,3),(278,'14','2024-11-10',500.00,3),(279,'15','2024-12-10',500.00,3),(280,'16','2025-01-10',500.00,3),(281,'1','2023-10-30',430.00,4),(282,'2','2023-11-30',430.00,4),(283,'3','2023-12-30',430.00,4),(284,'4','2024-01-30',430.00,4),(285,'5','2024-03-01',430.00,4),(286,'6','2024-03-30',430.00,4),(301,'1','2023-10-27',445.00,7),(302,'2','2023-11-27',445.00,7),(303,'1','2023-10-30',5100.00,8),(304,'2','2023-11-30',5100.00,8),(305,'3','2023-12-30',5100.00,8),(306,'4','2024-01-30',5100.00,8),(307,'5','2024-03-01',5100.00,8),(308,'6','2024-03-30',5100.00,8),(309,'7','2024-04-30',5100.00,8),(310,'8','2024-05-30',5100.00,8),(311,'9','2024-06-30',5100.00,8),(312,'10','2024-07-30',5100.00,8),(313,'11','2024-08-30',5100.00,8),(314,'12','2024-09-30',5100.00,8),(315,'13','2024-10-30',5100.00,8),(316,'14','2024-11-30',5100.00,8),(317,'15','2024-12-30',5100.00,8),(318,'16','2025-01-30',5100.00,8),(319,'17','2025-03-02',5100.00,8),(320,'18','2025-03-30',5100.00,8),(321,'19','2025-04-30',5100.00,8),(322,'20','2025-05-30',5100.00,8),(323,'21','2025-06-30',5100.00,8),(324,'22','2025-07-30',5100.00,8),(325,'23','2025-08-30',5100.00,8),(326,'24','2025-09-30',5100.00,8),(327,'1','2023-10-08',21136.50,9),(328,'1','2023-10-08',9054.00,11),(329,'1','2023-10-30',800.00,12),(330,'2','2023-11-30',800.00,12),(331,'3','2023-12-30',800.00,12),(332,'4','2024-01-30',800.00,12),(333,'5','2024-03-01',800.00,12),(334,'6','2024-03-30',800.00,12),(335,'7','2024-04-30',0.00,12),(336,'8','2024-05-30',0.00,12);
/*!40000 ALTER TABLE `parcelas_emprestimo` ENABLE KEYS */;
UNLOCK TABLES;

--
-- Table structure for table `permissoes_grupos`
--

DROP TABLE IF EXISTS `permissoes_grupos`;
/*!40101 SET @saved_cs_client     = @@character_set_client */;
/*!50503 SET character_set_client = utf8mb4 */;
CREATE TABLE `permissoes_grupos` (
  `idpermissoes` int NOT NULL AUTO_INCREMENT,
  `idgrupo` int NOT NULL,
  `funcionalidade` varchar(45) DEFAULT NULL,
  PRIMARY KEY (`idpermissoes`),
  KEY `fk_permissoes_grupos_grupos_permissoes1_idx` (`idgrupo`),
  CONSTRAINT `fk_permissoes_grupos_grupos_permissoes1` FOREIGN KEY (`idgrupo`) REFERENCES `grupos_permissoes` (`idgrupo`)
) ENGINE=InnoDB DEFAULT CHARSET=utf8mb4 COLLATE=utf8mb4_0900_ai_ci;
/*!40101 SET character_set_client = @saved_cs_client */;

--
-- Dumping data for table `permissoes_grupos`
--

LOCK TABLES `permissoes_grupos` WRITE;
/*!40000 ALTER TABLE `permissoes_grupos` DISABLE KEYS */;
/*!40000 ALTER TABLE `permissoes_grupos` ENABLE KEYS */;
UNLOCK TABLES;

--
-- Table structure for table `permissoes_usuarios`
--

DROP TABLE IF EXISTS `permissoes_usuarios`;
/*!40101 SET @saved_cs_client     = @@character_set_client */;
/*!50503 SET character_set_client = utf8mb4 */;
CREATE TABLE `permissoes_usuarios` (
  `idpermissoes` int NOT NULL AUTO_INCREMENT,
  `idgrupo` int NOT NULL,
  `idusuario` int NOT NULL,
  PRIMARY KEY (`idpermissoes`),
  KEY `fk_permissoes_usuarios_usuarios_idx` (`idusuario`),
  KEY `fk_permissoes_usuarios_grupos_permissoes1_idx` (`idgrupo`),
  CONSTRAINT `fk_permissoes_usuarios_grupos_permissoes1` FOREIGN KEY (`idgrupo`) REFERENCES `grupos_permissoes` (`idgrupo`),
  CONSTRAINT `fk_permissoes_usuarios_usuarios` FOREIGN KEY (`idusuario`) REFERENCES `usuarios` (`idusuario`)
) ENGINE=InnoDB AUTO_INCREMENT=12 DEFAULT CHARSET=utf8mb4 COLLATE=utf8mb4_0900_ai_ci;
/*!40101 SET character_set_client = @saved_cs_client */;

--
-- Dumping data for table `permissoes_usuarios`
--

LOCK TABLES `permissoes_usuarios` WRITE;
/*!40000 ALTER TABLE `permissoes_usuarios` DISABLE KEYS */;
INSERT INTO `permissoes_usuarios` VALUES (2,1,7),(3,2,8),(7,1,10),(8,1,9),(9,2,11),(10,2,12),(11,2,13);
/*!40000 ALTER TABLE `permissoes_usuarios` ENABLE KEYS */;
UNLOCK TABLES;

--
-- Table structure for table `usuarios`
--

DROP TABLE IF EXISTS `usuarios`;
/*!40101 SET @saved_cs_client     = @@character_set_client */;
/*!50503 SET character_set_client = utf8mb4 */;
CREATE TABLE `usuarios` (
  `idusuario` int NOT NULL AUTO_INCREMENT,
  `nome` varchar(45) NOT NULL,
  `senha` varchar(200) NOT NULL,
  `idfactoring` int DEFAULT NULL,
  PRIMARY KEY (`idusuario`),
  UNIQUE KEY `idusuarios_UNIQUE` (`idusuario`),
  KEY `fk_usuarios_factoring1_idx` (`idfactoring`),
  CONSTRAINT `fk_usuarios_factoring1` FOREIGN KEY (`idfactoring`) REFERENCES `factoring` (`idfactoring`)
) ENGINE=InnoDB AUTO_INCREMENT=14 DEFAULT CHARSET=utf8mb4 COLLATE=utf8mb4_0900_ai_ci;
/*!40101 SET character_set_client = @saved_cs_client */;

--
-- Dumping data for table `usuarios`
--

LOCK TABLES `usuarios` WRITE;
/*!40000 ALTER TABLE `usuarios` DISABLE KEYS */;
INSERT INTO `usuarios` VALUES (7,'evanilto','$2a$08$GeP3yJSF2pXddq5HShHSBOCWM7HnnpRiLB4wmxkmJfQvwhLQ.DHCy',1),(8,'angela1','$2a$08$jEmZmcP1CGq2WIkWkMJ0/epBczYnVpAkc6fMSgjjT2dJWi5zRSWAe',1),(9,'EDY','$2a$08$qbvZYxYDjwSFWTbcFx.Oe.UiGkQT6naR5ssDeej5S4jQfs4eFept2',1),(10,'EDY','$2a$08$v9NAJhbW8eVGIHaex9TIQObhsmF715bWpDXmJAEgOioNZDlB8iFhG',1),(11,'AUGUSTO ','$2a$08$yUbSGOAkBeYo.vIxhleXWOvVNh3P9wJj72PdTxC5l9h.uLHLsAa..',1),(12,'AUGUSTO ','$2a$08$bgwzbtZDpkfIruWFNgQ8ZuVzdJoxY3neoGD4h/LgM5V6Twq3FLabK',1),(13,'AUGUSTO ','$2a$08$oiYMh1BUmxS3e2FtaMN61.2Z6VMLOYGNgqw9yUSczaR2DwxwYobpm',1);
/*!40000 ALTER TABLE `usuarios` ENABLE KEYS */;
UNLOCK TABLES;
/*!40103 SET TIME_ZONE=@OLD_TIME_ZONE */;

/*!40101 SET SQL_MODE=@OLD_SQL_MODE */;
/*!40014 SET FOREIGN_KEY_CHECKS=@OLD_FOREIGN_KEY_CHECKS */;
/*!40014 SET UNIQUE_CHECKS=@OLD_UNIQUE_CHECKS */;
/*!40101 SET CHARACTER_SET_CLIENT=@OLD_CHARACTER_SET_CLIENT */;
/*!40101 SET CHARACTER_SET_RESULTS=@OLD_CHARACTER_SET_RESULTS */;
/*!40101 SET COLLATION_CONNECTION=@OLD_COLLATION_CONNECTION */;
/*!40111 SET SQL_NOTES=@OLD_SQL_NOTES */;

-- Dump completed on 2023-09-28 20:09:21
